nba_id,year,player_name,bref_id,team,FT_PERC,FTPerc,games,is_aggregate_team
920,1997,A.C. Green,greenac01,2TM,0.65,0.65,83,True
243,1997,Aaron McKie,mckieaa01,2TM,0.836,0.836,83,True
1425,1997,Aaron Williams,williaa01,2TM,0.673,0.673,33,True
768,1997,Acie Earl,earlac01,2TM,0.643,0.643,47,True
228,1997,Adam Keefe,keefead01,UTA,0.689,0.689,62,False
154,1997,Adrian Caldwell,caldwad01,2TM,0.42,0.42,45,True
673,1997,Alan Henderson,hendeal01,ATL,0.6,0.6,30,False
1059,1997,Aleksandar Djordjevic,djordal01,POR,0.8,0.8,8,False
275,1997,Allan Houston,houstal01,NYK,0.803,0.803,81,False
947,1997,Allen Iverson,iversal01,PHI,0.702,0.702,76,False
297,1997,Alonzo Mourning,mournal01,MIA,0.642,0.642,66,False
175,1997,Alton Lister,listeal01,BOS,0.742,0.742,53,False
1043,1997,Amal McCaskill,mccasam01,ORL,0.667,0.667,17,False
692,1997,Andrew DeClercq,declean01,GSW,0.603,0.603,71,False
457,1997,Andrew Lang,langan01,MIL,0.721,0.721,52,False
358,1997,Anfernee Hardaway,hardaan01,ORL,0.82,0.82,59,False
924,1997,Anthony Goldwire,goldwan01,2TM,0.782,0.782,60,True
193,1997,Anthony Mason,masonan01,CHH,0.745,0.745,73,False
292,1997,Anthony Miller,millean01,ATL,,,1,False
324,1997,Anthony Peeler,peelean01,VAN,0.82,0.82,72,False
156,1997,Antoine Carr,carran01,UTA,0.78,0.78,82,False
952,1997,Antoine Walker,walkean02,BOS,0.631,0.631,82,False
213,1997,Antonio Davis,davisan01,IND,0.666,0.666,82,False
176,1997,Antonio Harvey,harvean01,SEA,0.833,0.833,6,False
226,1997,Antonio Lang,langan02,CLE,0.729,0.729,64,False
686,1997,Antonio McDyess,mcdyean01,DEN,0.708,0.708,74,False
288,1997,Armen Gilliam,gilliar01,MIL,0.768,0.768,80,False
717,1997,Arvydas Sabonis,sabonar01,POR,0.777,0.777,69,False
732,1997,Ashraf Amaya,amayaas01,WSB,0.536,0.536,31,False
422,1997,Avery Johnson,johnsav01,SAS,0.69,0.69,76,False
769,1997,B.J. Armstrong,armstbj01,GSW,0.861,0.861,49,False
989,1997,Ben Davis,davisbe01,PHO,0.45,0.45,20,False
1112,1997,Ben Wallace,wallabe01,WSB,0.3,0.3,34,False
104,1997,Benoit Benjamin,benjabe01,TOR,0.75,0.75,4,False
82,1997,Bill Wennington,wennibi01,CHI,0.83,0.83,61,False
182,1997,Billy Owens,owensbi01,SAC,0.697,0.697,66,False
902,1997,Bimbo Coles,colesbi01,GSW,0.755,0.755,51,False
183,1997,Bison Dele,delebi01,CHI,0.733,0.733,9,False
898,1997,Blue Edwards,edwarbl01,VAN,0.817,0.817,61,False
448,1997,Bo Outlaw,outlabo01,LAC,0.504,0.504,82,False
682,1997,Bob Sura,surabo01,CLE,0.614,0.614,82,False
310,1997,Bobby Hurley,hurlebo01,SAC,0.698,0.698,49,False
184,1997,Bobby Phills,phillbo01,CLE,0.718,0.718,69,False
38,1997,Brad Lohaus,lohaubr01,TOR,,,6,False
699,1997,Brent Barry,barrybr01,LAC,0.817,0.817,59,False
85,1997,Brent Price,pricebr01,HOU,1.0,1.0,25,False
1064,1997,Brent Scott,scottbr01,IND,0.5,0.5,16,False
1136,1997,Brett Szabo,szabobr01,BOS,0.738,0.738,70,False
967,1997,Brian Evans,evansbr01,ORL,,,14,False
258,1997,Brian Grant,grantbr01,SAC,0.778,0.778,24,False
216,1997,Brian Shaw,shawbr01,ORL,0.793,0.793,77,False
240,1997,Brooks Thompson,thompbr01,2TM,0.632,0.632,67,True
1477,1997,Bruce Bowen,bowenbr01,MIA,,,1,False
735,1997,Bryant Reeves,reevebr01,VAN,0.704,0.704,75,False
179,1997,Bryant Stith,stithbr01,DEN,0.863,0.863,52,False
935,1997,Bryon Russell,russebr01,UTA,0.701,0.701,81,False
433,1997,Buck Williams,willibu01,NYK,0.642,0.642,74,False
2,1997,Byron Scott,scottby01,LAL,0.841,0.841,79,False
384,1997,Calbert Cheaney,cheanca01,WSB,0.693,0.693,79,False
61,1997,Carl Herrera,herreca01,SAS,0.686,0.686,75,False
1063,1997,Carl Thomas,thomaca01,CLE,1.0,1.0,19,False
435,1997,Carlos Rogers,rogerca01,TOR,0.6,0.6,56,False
76,1997,Cedric Ceballos,cebalce01,2TM,0.747,0.747,50,True
787,1997,Charles Barkley,barklch01,HOU,0.694,0.694,53,False
279,1997,Charles Jones,jonesch01,HOU,,,12,False
891,1997,Charles Oakley,oaklech01,NYK,0.808,0.808,80,False
293,1997,Charles Smith,smithch01,SAS,0.769,0.769,19,False
369,1997,Charlie Ward,wardch01,NYK,0.76,0.76,79,False
685,1997,Cherokee Parks,parksch02,MIN,0.605,0.605,76,False
713,1997,Chris Carr,carrch01,MIN,0.767,0.767,55,False
164,1997,Chris Childs,childch01,NYK,0.758,0.758,65,False
201,1997,Chris Dudley,dudlech02,POR,0.474,0.474,81,False
423,1997,Chris Gatling,gatlich01,2TM,0.717,0.717,47,True
1137,1997,Chris Jent,jentch01,NYK,,,3,False
168,1997,Chris Mills,millsch01,CLE,0.842,0.842,80,False
356,1997,Chris Morris,morrich01,UTA,0.722,0.722,73,False
904,1997,Chris Mullin,mullich01,GSW,0.864,0.864,79,False
997,1997,Chris Robinson,robinch01,VAN,0.615,0.615,41,False
185,1997,Chris Webber,webbech01,WSB,0.565,0.565,72,False
43,1997,Chris Whitney,whitnch01,WSB,0.832,0.832,82,False
363,1997,Christian Laettner,laettch01,ATL,0.816,0.816,82,False
359,1997,Chucky Brown,brownch01,2TM,0.671,0.671,70,True
221,1997,Clarence Weatherspoon,weathcl01,PHI,0.738,0.738,82,False
361,1997,Clifford Robinson,robincl02,POR,0.696,0.696,81,False
32,1997,Clifford Rozier,roziecl01,2TM,0.508,0.508,42,True
17,1997,Clyde Drexler,drexlcl01,HOU,0.75,0.75,62,False
916,1997,Corie Blount,blounco01,LAL,0.675,0.675,58,False
722,1997,Corliss Williamson,willico02,SAC,0.689,0.689,79,False
724,1997,Cory Alexander,alexaco01,SAS,0.736,0.736,80,False
378,1997,Craig Ehlo,ehlocr01,SEA,0.5,0.5,62,False
733,1997,Cuonzo Martin,marticu01,MIL,,,3,False
905,1997,Dale Davis,davisda01,IND,0.428,0.428,80,False
107,1997,Dale Ellis,ellisda01,DEN,0.817,0.817,82,False
757,1997,Damon Stoudamire,stoudda01,TOR,0.823,0.823,81,False
105,1997,Dan Majerle,majerda01,MIA,0.678,0.678,36,False
344,1997,Dana Barros,barroda01,BOS,0.86,0.86,24,False
198,1997,Danny Ferry,ferryda01,CLE,0.851,0.851,82,False
330,1997,Danny Manning,mannida01,PHO,0.721,0.721,77,False
7,1997,Danny Schayes,schayda01,ORL,0.75,0.75,45,False
353,1997,Darrell Armstrong,armstda01,ORL,0.868,0.868,67,False
239,1997,Darrick Martin,martida01,LAC,0.872,0.872,82,False
241,1997,Darrin Hancock,hancoda01,3TM,0.714,0.714,24,True
1032,1997,Darvin Ham,hamda01,2TM,0.486,0.486,36,True
764,1997,David Robinson,robinda01,SAS,0.654,0.654,6,False
710,1997,David Vaughn,vaughda02,ORL,0.633,0.633,35,False
133,1997,David Wesley,wesleda01,BOS,0.781,0.781,74,False
766,1997,David Wingate,wingada01,SEA,0.825,0.825,65,False
116,1997,David Wood,woodda01,MIL,0.667,0.667,46,False
1051,1997,Dean Garrett,garrede01,MIN,0.696,0.696,68,False
244,1997,Dee Brown,brownde01,BOS,0.818,0.818,21,False
209,1997,Dell Curry,curryde01,CHH,0.803,0.803,68,False
725,1997,Dell Demps,dempsde01,ORL,1.0,1.0,2,False
23,1997,Dennis Rodman,rodmade01,CHI,0.568,0.568,55,False
192,1997,Dennis Scott,scottde01,ORL,0.792,0.792,66,False
965,1997,Derek Fisher,fishede01,LAL,0.658,0.658,80,False
157,1997,Derek Harper,harpede01,DAL,0.742,0.742,75,False
400,1997,Derek Strong,stronde01,ORL,0.803,0.803,82,False
308,1997,Derrick Alston,alstode01,ATL,0.0,0.0,2,False
934,1997,Derrick Coleman,colemde01,PHI,0.745,0.745,57,False
365,1997,Derrick McKey,mckeyde01,IND,0.724,0.724,50,False
96,1997,Detlef Schrempf,schrede01,SEA,0.801,0.801,61,False
1070,1997,Devin Gray,grayde01,2TM,0.4,0.4,6,True
1121,1997,Dexter Boney,boneyde01,PHO,0.75,0.75,8,False
54,1997,Dickey Simpkins,simpkdi01,CHI,0.7,0.7,48,False
87,1997,Dikembe Mutombo,mutomdi01,ATL,0.705,0.705,80,False
129,1997,Dino Radja,radjadi01,BOS,0.718,0.718,25,False
1122,1997,Dominique Wilkins,wilkido01,SAS,0.803,0.803,63,False
931,1997,Don MacLean,macledo01,PHI,0.66,0.66,37,False
690,1997,Don Reid,reiddo01,DET,0.75,0.75,47,False
140,1997,Donald Royal,royaldo01,3TM,0.803,0.803,62,True
1126,1997,Donald Whiteside,whitedo01,TOR,0.733,0.733,27,False
671,1997,Donnie Boyce,boycedo01,ATL,0.5,0.5,22,False
681,1997,Donny Marshall,marshdo02,CLE,0.704,0.704,56,False
112,1997,Dontonio Wingfield,wingfdo01,POR,0.675,0.675,47,False
923,1997,Donyell Marshall,marshdo01,GSW,0.622,0.622,61,False
57,1997,Doug Christie,chrisdo01,TOR,0.775,0.775,81,False
77,1997,Doug Overton,overtdo01,PHI,0.938,0.938,61,False
28,1997,Doug West,westdo01,MIN,0.681,0.681,68,False
190,1997,Duane Causwell,causwdu01,SAC,0.541,0.541,46,False
273,1997,Duane Ferrell,ferredu01,IND,0.617,0.617,62,False
368,1997,Dwayne Schintzius,schindw01,LAC,0.875,0.875,15,False
940,1997,Earl Cureton,curetea01,TOR,0.333,0.333,9,False
709,1997,Ed O'Bannon,obanned01,2TM,0.886,0.886,64,True
291,1997,Ed Pinckney,pincked01,MIA,0.8,0.8,27,False
698,1997,Eddie Johnson,johnsed03,2TM,0.809,0.809,52,True
224,1997,Eddie Jones,jonesed02,LAL,0.819,0.819,80,False
922,1997,Elden Campbell,campbel01,LAL,0.711,0.711,77,False
695,1997,Eldridge Recasner,recasel01,ATL,0.879,0.879,71,False
386,1997,Elliot Perry,perryel01,MIL,0.745,0.745,82,False
1120,1997,Elmer Bennett,benneel01,2TM,0.7,0.7,9,True
771,1997,Elmore Spencer,spencel01,SEA,,,1,False
1023,1997,Emanual Davis,davisem01,HOU,0.625,0.625,13,False
941,1997,Ennis Whatley,whatlen01,POR,,,3,False
287,1997,Eric Leckner,leckner01,2TM,0.5,0.5,20,True
211,1997,Eric Mobley,mobleer01,VAN,0.533,0.533,28,False
376,1997,Eric Montross,montrer01,2TM,0.339,0.339,78,True
785,1997,Eric Murdock,murdoer01,DEN,0.917,0.917,12,False
15,1997,Eric Piatkowski,piatker01,LAC,0.821,0.821,65,False
727,1997,Eric Snow,snower01,SEA,0.712,0.712,67,False
677,1997,Eric Williams,willier01,BOS,0.752,0.752,72,False
956,1997,Erick Dampier,dampier01,IND,0.637,0.637,72,False
1065,1997,Erick Strickland,stricer01,DAL,0.813,0.813,28,False
911,1997,Ervin Johnson,johnser02,DEN,0.615,0.615,82,False
1026,1997,Evric Gray,grayev01,NJN,1.0,1.0,5,False
280,1997,Felton Spencer,spencfe01,2TM,0.584,0.584,73,True
783,1997,Frank Brickowski,brickfr01,BOS,0.714,0.714,17,False
701,1997,Frankie King,kingfr01,PHI,1.0,1.0,7,False
697,1997,Fred Hoiberg,hoibefr01,IND,0.792,0.792,47,False
122,1997,Fred Roberts,roberfr01,DAL,0.714,0.714,12,False
202,1997,Gary Grant,grantga01,MIA,0.818,0.818,28,False
56,1997,Gary Payton,paytoga01,SEA,0.715,0.715,82,False
718,1997,Gary Trent,trentga01,POR,0.699,0.699,82,False
1093,1997,Gaylon Nickerson,nickega01,2TM,1.0,1.0,4,True
248,1997,George Lynch,lynchge01,VAN,0.619,0.619,41,False
45,1997,George McCloud,mccloge01,2TM,0.822,0.822,64,True
678,1997,George Zídek,zidekge01,2TM,0.789,0.789,52,True
786,1997,Gerald Wilkins,wilkige01,ORL,0.716,0.716,80,False
49,1997,Gheorghe Mureșan,muresgh01,WSB,0.618,0.618,73,False
779,1997,Glen Rice,ricegl01,CHH,0.867,0.867,79,False
299,1997,Glenn Robinson,robingl01,MIL,0.791,0.791,80,False
255,1997,Grant Hill,hillgr01,DET,0.711,0.711,80,False
3,1997,Grant Long,longgr01,DET,0.75,0.75,65,False
246,1997,Greg Anderson,andergr01,SAS,0.667,0.667,82,False
21,1997,Greg Anthony,anthogr01,VAN,0.73,0.73,65,False
1068,1997,Greg Dreiling,dreilgr01,DAL,0.407,0.407,40,False
323,1997,Greg Foster,fostegr01,UTA,0.831,0.831,79,False
37,1997,Greg Graham,grahagr01,SEA,0.65,0.65,28,False
65,1997,Greg Minor,minorgr01,BOS,0.861,0.861,23,False
731,1997,Greg Ostertag,ostergr01,UTA,0.678,0.678,77,False
165,1997,Hakeem Olajuwon,olajuha01,HOU,0.787,0.787,78,False
265,1997,Harvey Grant,grantha01,WSB,0.769,0.769,78,False
906,1997,Haywoode Workman,workmha01,IND,0.0,0.0,4,False
1080,1997,Henry James,jameshe01,ATL,0.833,0.833,53,False
1006,1997,Herb Williams,willihe01,NYK,0.75,0.75,21,False
765,1997,Hersey Hawkins,hawkihe01,SEA,0.875,0.875,82,False
270,1997,Horace Grant,grantho01,ORL,0.715,0.715,67,False
1024,1997,Horacio Llamas,llamaho01,PHO,0.5,0.5,20,False
73,1997,Hot Rod Williams,williho01,PHO,0.672,0.672,68,False
458,1997,Howard Eisley,eisleho01,UTA,0.787,0.787,82,False
93,1997,Hubert Davis,davishu01,TOR,0.739,0.739,36,False
1134,1997,Isaac Austin,austiis01,MIA,0.664,0.664,82,False
375,1997,Isaiah Rider,rideris01,POR,0.812,0.812,76,False
1096,1997,Ivano Newbill,newbiiv01,ATL,0.385,0.385,72,False
917,1997,Jack Haley,haleyja01,NJN,0.737,0.737,20,False
147,1997,Jalen Rose,roseja01,IND,0.75,0.75,66,False
469,1997,Jamal Mashburn,mashbja01,2TM,0.702,0.702,69,True
381,1997,James Robinson,robinja02,MIN,0.684,0.684,69,False
1109,1997,James Scott,scottja01,MIA,0.5,0.5,8,False
994,1997,Jamie Feick,feickja01,2TM,0.507,0.507,41,True
320,1997,Jamie Watson,watsoja01,2TM,0.75,0.75,23,True
1114,1997,Jaren Jackson,jacksja01,WSB,0.768,0.768,75,False
679,1997,Jason Caffey,caffeja01,CHI,0.659,0.659,75,False
467,1997,Jason Kidd,kiddja01,2TM,0.679,0.679,55,True
987,1997,Jason Sasser,sasseja01,2TM,,,8,True
420,1997,Jayson Williams,willija01,NJN,0.59,0.59,41,False
81,1997,Jeff Grayer,grayeje01,SAC,0.55,0.55,25,False
204,1997,Jeff Hornacek,hornaje01,UTA,0.899,0.899,82,False
976,1997,Jeff McInnis,mcinnje01,DEN,0.7,0.7,13,False
979,1997,Jermaine O'Neal,onealje01,POR,0.603,0.603,45,False
706,1997,Jerome Allen,allenje01,2TM,0.583,0.583,76,True
760,1997,Jerome Kersey,kerseje01,LAL,0.602,0.602,70,False
966,1997,Jerome Williams,willije01,DET,0.529,0.529,33,False
711,1997,Jerry Stackhouse,stackje01,PHI,0.766,0.766,81,False
754,1997,Jim Jackson,jacksji01,2TM,0.813,0.813,77,True
29,1997,Jim McIlvaine,mcilvji01,SEA,0.495,0.495,82,False
1131,1997,Jimmy Carruth,carruji01,MIL,1.0,1.0,4,False
728,1997,Jimmy King,kingji02,DEN,0.5,0.5,2,False
1429,1997,Jimmy Oliver,oliveji01,TOR,1.0,1.0,4,False
1432,1997,Joe Courtney,courtjo01,2TM,0.6,0.6,9,True
247,1997,Joe Dumars,dumarjo01,DET,0.867,0.867,79,False
170,1997,Joe Kleine,kleinjo01,3TM,0.737,0.737,59,True
693,1997,Joe Smith,smithjo02,GSW,0.814,0.814,80,False
1086,1997,Joe Stephens,stephjo01,HOU,,,2,False
341,1997,Joe Wolf,wolfjo01,MIL,0.737,0.737,56,False
180,1997,John Crotty,crottjo01,MIA,0.844,0.844,48,False
1381,1997,John Long,longjo01,TOR,0.893,0.893,32,False
317,1997,John Starks,starkjo01,NYK,0.769,0.769,77,False
304,1997,John Stockton,stockjo01,UTA,0.846,0.846,82,False
961,1997,John Wallace,wallajo01,NYK,0.718,0.718,68,False
271,1997,Johnny Newman,newmajo01,MIL,0.765,0.765,82,False
468,1997,Jon Barry,barryjo01,ATL,0.804,0.804,58,False
146,1997,Jud Buechler,buechju01,CHI,0.357,0.357,76,False
436,1997,Juwan Howard,howarju01,WSB,0.756,0.756,82,False
252,1997,Karl Malone,malonka01,UTA,0.755,0.755,82,False
173,1997,Keith Askins,askinke01,MIA,0.672,0.672,78,False
700,1997,Keith Tower,towerke01,MIL,0.125,0.125,5,False
80,1997,Ken Norman,normake01,ATL,0.333,0.333,17,False
383,1997,Kendall Gill,gillke01,NJN,0.797,0.797,82,False
72,1997,Kenny Anderson,anderke01,POR,0.768,0.768,82,False
181,1997,Kenny Smith,smithke01,3TM,0.867,0.867,48,True
954,1997,Kerry Kittles,kittlke01,NJN,0.771,0.771,82,False
404,1997,Kevin Duckworth,duckwke01,LAC,0.688,0.688,26,False
236,1997,Kevin Edwards,edwarke01,NJN,0.86,0.86,32,False
333,1997,Kevin Gamble,gamblke01,SAC,0.7,0.7,62,False
708,1997,Kevin Garnett,garneke01,MIN,0.754,0.754,77,False
134,1997,Kevin Johnson,johnske02,PHO,0.852,0.852,70,False
1089,1997,Kevin Salvadori,salvake01,SAC,0.722,0.722,23,False
788,1997,Kevin Willis,willike02,HOU,0.693,0.693,75,False
234,1997,Khalid Reeves,reevekh01,2TM,0.747,0.747,63,True
977,1997,Kobe Bryant,bryanko01,LAL,0.819,0.819,71,False
703,1997,Kurt Thomas,thomaku01,MIA,0.761,0.761,18,False
111,1997,LaPhonso Ellis,ellisla01,DEN,0.773,0.773,55,False
78,1997,LaSalle Thompson,thompla01,2TM,0.667,0.667,26,True
441,1997,Lamond Murray,murrala01,LAC,0.739,0.739,74,False
913,1997,Larry Johnson,johnsla02,NYK,0.693,0.693,76,False
1474,1997,Larry Krystkowiak,krystla01,LAL,0.5,0.5,3,False
1125,1997,Larry Stewart,stewala01,SEA,0.72,0.72,70,False
84,1997,Latrell Sprewell,sprewla01,GSW,0.843,0.843,80,False
734,1997,Lawrence Moten,motenla01,VAN,0.646,0.646,67,False
195,1997,Lee Mayberry,maybele01,VAN,0.63,0.63,80,False
283,1997,Lindsey Hunter,hunteli01,DET,0.778,0.778,82,False
1489,1997,Lionel Simmons,simmoli01,SAC,0.875,0.875,41,False
1036,1997,Litterial Green,greenli01,DET,0.638,0.638,45,False
1380,1997,Lloyd Daniels,daniell01,2TM,0.833,0.833,22,True
684,1997,Loren Meyer,meyerlo01,2TM,0.719,0.719,54,True
953,1997,Lorenzen Wright,wrighlo02,LAC,0.587,0.587,77,False
31,1997,Lorenzo Williams,willilo01,WSB,0.714,0.714,19,False
691,1997,Lou Roe,roelo01,GSW,0.474,0.474,17,False
919,1997,Loy Vaught,vaughlo01,LAC,0.702,0.702,82,False
26,1997,Luc Longley,longllu01,CHI,0.792,0.792,59,False
446,1997,Lucious Harris,harrilu01,PHI,0.702,0.702,54,False
51,1997,Mahmoud Abdul-Rauf,abdulma02,SAC,0.846,0.846,75,False
990,1997,Malik Rose,rosema01,CHH,0.613,0.613,54,False
907,1997,Malik Sealy,sealyma01,LAC,0.876,0.876,80,False
992,1997,Marcus Brown,brownma01,POR,0.684,0.684,21,False
948,1997,Marcus Camby,cambyma01,TOR,0.693,0.693,63,False
53,1997,Mario Elie,eliema01,HOU,0.896,0.896,78,False
1361,1997,Mark Bradtke,bradtma01,PHI,0.692,0.692,36,False
95,1997,Mark Bryant,bryanma01,PHO,0.704,0.704,41,False
707,1997,Mark Davis,davisma02,PHI,0.673,0.673,75,False
971,1997,Mark Hendrickson,hendrma01,PHI,0.692,0.692,29,False
349,1997,Mark Jackson,jacksma01,2TM,0.789,0.789,82,True
899,1997,Mark Price,pricema01,GSW,0.906,0.906,70,False
1110,1997,Mark Strickland,stricma01,MIA,0.571,0.571,31,False
770,1997,Mark West,westma01,CLE,0.482,0.482,70,False
729,1997,Martin Lewis,lewisma01,TOR,0.5,0.5,9,False
982,1997,Martin Müürsepp,muursma01,2TM,0.629,0.629,42,True
55,1997,Marty Conlon,conloma01,BOS,0.842,0.842,74,False
672,1997,Matt Bullard,bullama01,HOU,0.735,0.735,71,False
900,1997,Matt Fish,fishma01,2TM,,,6,True
761,1997,Matt Geiger,geigema01,CHH,0.701,0.701,49,False
1074,1997,Matt Maloney,malonma01,HOU,0.763,0.763,82,False
1099,1997,Matt Steigenga,steigma01,CHI,0.5,0.5,2,False
511,1997,Melvin Booker,bookeme01,2TM,0.9,0.9,21,True
262,1997,Michael Cage,cagemi01,PHI,0.463,0.463,82,False
688,1997,Michael Curry,currymi01,DET,0.898,0.898,81,False
714,1997,Michael Finley,finlemi01,2TM,0.808,0.808,83,True
1138,1997,Michael Hawkins,hawkimi01,BOS,0.8,0.8,29,False
893,1997,Michael Jordan,jordami01,CHI,0.833,0.833,82,False
63,1997,Michael Smith,smithmi02,SAC,0.496,0.496,81,False
1479,1997,Mike Brown,brownmi01,PHO,0.6,0.6,6,False
782,1997,Mitch Richmond,richmmi01,SAC,0.861,0.861,81,False
348,1997,Mitchell Butler,butlemi02,POR,0.64,0.64,49,False
42,1997,Monty Williams,willimo01,SAS,0.645,0.645,65,False
983,1997,Moochie Norris,norrimo01,VAN,0.4,0.4,8,False
302,1997,Mookie Blaylock,blaylmo01,ATL,0.753,0.753,78,False
177,1997,Muggsy Bogues,boguemu01,CHH,0.844,0.844,65,False
1041,1997,Nate Driggers,driggna01,BOS,0.714,0.714,15,False
203,1997,Nate McMillan,mcmilna01,SEA,0.655,0.655,37,False
98,1997,Nick Anderson,anderni01,ORL,0.404,0.404,63,False
89,1997,Nick Van Exel,vanexni01,LAL,0.825,0.825,79,False
178,1997,Olden Polynice,polynol01,SAC,0.562,0.562,82,False
932,1997,Oliver Miller,milleol01,2TM,0.608,0.608,61,True
970,1997,Othella Harrington,harriot01,HOU,0.605,0.605,57,False
901,1997,Otis Thorpe,thorpot01,DET,0.653,0.653,79,False
136,1997,P.J. Brown,brownpj01,MIA,0.732,0.732,80,False
121,1997,Patrick Ewing,ewingpa01,NYK,0.754,0.754,78,False
442,1997,Pervis Ellison,ellispe01,BOS,0.6,0.6,6,False
432,1997,Pete Chilcutt,chilcpe01,VAN,0.591,0.591,54,False
71,1997,Pooh Richardson,richapo01,LAC,0.605,0.605,59,False
461,1997,Popeye Jones,jonespo01,TOR,0.818,0.818,79,False
968,1997,Priest Lauderdale,laudepr01,ATL,0.565,0.565,35,False
912,1997,Rafael Addison,addisra01,CHH,0.786,0.786,41,False
719,1997,Randolph Childress,childra01,2TM,0.75,0.75,23,True
753,1997,Randy Brown,brownra02,CHI,0.679,0.679,72,False
988,1997,Randy Livingston,livinra01,HOU,0.646,0.646,64,False
739,1997,Rasheed Wallace,wallara01,POR,0.638,0.638,62,False
951,1997,Ray Allen,allenra02,MIL,0.823,0.823,82,False
1077,1997,Ray Owes,owesra01,GSW,0.565,0.565,57,False
1002,1997,Reggie Geary,gearyre01,CLE,0.455,0.455,39,False
674,1997,Reggie Jordan,jordare01,2TM,0.471,0.471,19,True
397,1997,Reggie Miller,millere01,IND,0.88,0.88,81,False
1073,1997,Reggie Slater,slatere01,TOR,0.52,0.52,26,False
199,1997,Reggie Williams,willire01,2TM,0.75,0.75,13,True
364,1997,Rex Chapman,chapmre01,PHO,0.832,0.832,65,False
777,1997,Rex Walters,waltere01,PHI,0.79,0.79,59,False
316,1997,Rich Manning,manniri01,2TM,0.643,0.643,26,True
296,1997,Rick Fox,foxri01,BOS,0.787,0.787,76,False
328,1997,Rick Mahorn,mahorri01,DET,0.727,0.727,22,False
894,1997,Ricky Pierce,piercri01,2TM,0.897,0.897,60,True
22,1997,Rik Smits,smitsri01,IND,0.797,0.797,52,False
109,1997,Robert Horry,horryro01,2TM,0.667,0.667,54,True
123,1997,Robert Pack,packro01,2TM,0.807,0.807,54,True
305,1997,Robert Parish,parisro01,CHI,0.677,0.677,43,False
438,1997,Robert Werdann,werdaro01,NJN,1.0,1.0,6,False
393,1997,Rod Strickland,stricro02,WSB,0.738,0.738,82,False
915,1997,Rodney Rogers,rogerro01,LAC,0.663,0.663,81,False
166,1997,Ron Harper,harpero01,CHI,0.707,0.707,76,False
938,1997,Rony Seikaly,seikaro01,ORL,0.714,0.714,74,False
964,1997,Roy Rogers,rogerro02,VAN,0.574,0.574,82,False
1129,1997,Ruben Nembhard,nembhru01,2TM,0.8,0.8,10,True
716,1997,Rumeal Robinson,robinru01,3TM,0.743,0.743,54,True
208,1997,Sam Cassell,cassesa01,3TM,0.845,0.845,61,True
694,1997,Sam Mack,macksa01,HOU,0.833,0.833,52,False
417,1997,Sam Mitchell,mitchsa01,MIN,0.759,0.759,82,False
64,1997,Sam Perkins,perkisa01,SEA,0.817,0.817,81,False
955,1997,Samaki Walker,walkesa01,DAL,0.649,0.649,43,False
390,1997,Sasha Danilović,danilsa01,2TM,0.801,0.801,56,True
418,1997,Scott Brooks,brooksc01,NYK,0.933,0.933,38,False
197,1997,Scott Burrell,burresc01,2TM,0.75,0.75,57,True
281,1997,Scott Williams,willisc01,PHI,0.691,0.691,62,False
937,1997,Scottie Pippen,pippesc01,CHI,0.701,0.701,82,False
251,1997,Sean Elliott,elliose01,SAS,0.755,0.755,39,False
399,1997,Sean Rooks,rooksse01,LAL,0.7,0.7,69,False
9,1997,Sedale Threatt,threase01,HOU,0.75,0.75,21,False
1000,1997,Shandon Anderson,andersh01,UTA,0.687,0.687,65,False
1049,1997,Shane Heal,healsh01,MIN,0.6,0.6,43,False
406,1997,Shaquille O'Neal,onealsh01,LAL,0.484,0.484,51,False
949,1997,Shareef Abdur-Rahim,abdursh01,VAN,0.746,0.746,80,False
412,1997,Sharone Wright,wrighsh01,TOR,0.511,0.511,60,False
762,1997,Shawn Bradley,bradlsh01,2TM,0.654,0.654,73,True
431,1997,Shawn Kemp,kempsh01,SEA,0.742,0.742,81,False
704,1997,Shawn Respert,respesh01,2TM,0.872,0.872,41,True
1035,1997,Shawnelle Scott,scottsh01,CLE,0.364,0.364,16,False
428,1997,Sherman Douglas,douglsh01,MIL,0.667,0.667,79,False
278,1997,Stacey Augmon,augmost01,2TM,0.711,0.711,60,True
351,1997,Stacey King,kingst01,2TM,0.286,0.286,11,True
914,1997,Stanley Roberts,roberst01,LAC,0.703,0.703,18,False
1128,1997,Stephen Howard,howarst01,2TM,0.642,0.642,49,True
950,1997,Stephon Marbury,marbust01,MIN,0.727,0.727,67,False
984,1997,Steve Hamer,hamerst01,BOS,0.552,0.552,35,False
70,1997,Steve Kerr,kerrst01,CHI,0.806,0.806,82,False
959,1997,Steve Nash,nashst01,PHO,0.824,0.824,65,False
88,1997,Steve Scheffler,schefst01,SEA,0.5,0.5,7,False
120,1997,Steve Smith,smithst01,ATL,0.847,0.847,72,False
1478,1997,Stevin Smith,smithst02,DAL,1.0,1.0,8,False
1037,1997,Stojko Vranković,vrankst01,MIN,0.676,0.676,53,False
210,1997,Terrell Brandon,brandte01,CLE,0.902,0.902,78,False
187,1997,Terry Cummings,cummite01,SEA,0.695,0.695,45,False
143,1997,Terry Dehere,deherte01,LAC,0.824,0.824,73,False
371,1997,Terry Mills,millste01,DET,0.829,0.829,79,False
345,1997,Terry Porter,portete01,MIN,0.765,0.765,82,False
689,1997,Theo Ratliff,ratlith01,DET,0.698,0.698,76,False
896,1997,Tim Hardaway,hardati01,MIA,0.799,0.799,81,False
1118,1997,Tim Kempton,kemptti01,SAS,1.0,1.0,10,False
100,1997,Tim Legler,legleti01,WSB,0.857,0.857,15,False
103,1997,Todd Day,dayto01,BOS,0.773,0.773,81,False
957,1997,Todd Fuller,fulleto02,GSW,0.691,0.691,75,False
1472,1997,Tom Chambers,chambto01,CHH,0.75,0.75,12,False
339,1997,Tom Gugliotta,guglito01,MIN,0.82,0.82,81,False
67,1997,Tom Hammonds,hammoto01,DEN,0.721,0.721,81,False
389,1997,Toni Kukoč,kukocto01,CHI,0.77,0.77,57,False
960,1997,Tony Delk,delkto01,CHH,0.824,0.824,61,False
434,1997,Tony Dumas,dumasto01,2TM,0.64,0.64,24,True
763,1997,Tony Massenburg,masseto01,NJN,0.631,0.631,79,False
380,1997,Tony Smith,smithto02,CHH,0.644,0.644,69,False
929,1997,Tracy Moore,mooretr01,HOU,0.71,0.71,27,False
145,1997,Tracy Murray,murratr01,WSB,0.839,0.839,82,False
696,1997,Travis Best,besttr01,IND,0.756,0.756,76,False
969,1997,Travis Knight,knightr01,LAL,0.62,0.62,71,False
895,1997,Tyrone Corbin,corbity01,ATL,0.796,0.796,70,False
238,1997,Tyrone Hill,hillty01,CLE,0.633,0.633,74,False
721,1997,Tyus Edney,edneyty01,SAC,0.823,0.823,70,False
137,1997,Vernon Maxwell,maxweve01,SAS,0.744,0.744,72,False
452,1997,Vin Baker,bakervi01,MIL,0.687,0.687,78,False
355,1997,Vincent Askew,askewvi01,3TM,0.795,0.795,43,True
219,1997,Vinny Del Negro,delnevi01,SAS,0.868,0.868,72,False
958,1997,Vitaly Potapenko,potapvi01,CLE,0.736,0.736,80,False
124,1997,Vlade Divac,divacvl01,CHH,0.683,0.683,81,False
702,1997,Voshon Lenard,lenarvo01,MIA,0.819,0.819,73,False
1005,1997,Walt Williams,williwa02,TOR,0.765,0.765,73,False
962,1997,Walter McCarty,mccarwa01,NYK,0.571,0.571,35,False
47,1997,Wayman Tisdale,tisdawa01,PHO,0.625,0.625,53,False
445,1997,Wesley Person,persowe01,PHO,0.798,0.798,80,False
781,1997,Will Perdue,perduwi01,SAS,0.579,0.579,65,False
335,1997,Willie Anderson,anderwi01,MIA,0.85,0.85,28,False
416,1997,Willie Burton,burtowi01,ATL,0.838,0.838,24,False
1365,1997,Xavier McDaniel,mcdanxa01,NJN,0.73,0.73,62,False
212,1997,Yinka Dare,dareyi01,NJN,0.514,0.514,41,False
36,1997,Šarūnas Marčiulionis,marcisa01,DEN,0.806,0.806,17,False
440,1997,Žan Tabak,tabakza01,TOR,0.69,0.69,13,False
920,1998,A.C. Green,greenac01,DAL,0.716,0.716,82,False
243,1998,Aaron McKie,mckieaa01,2TM,0.764,0.764,81,True
1425,1998,Aaron Williams,williaa01,SEA,0.776,0.776,65,False
228,1998,Adam Keefe,keefead01,UTA,0.81,0.81,80,False
1502,1998,Adonal Foyle,foylead01,GSW,0.435,0.435,55,False
154,1998,Adrian Caldwell,caldwad01,DAL,,,1,False
673,1998,Alan Henderson,hendeal01,ATL,0.652,0.652,69,False
275,1998,Allan Houston,houstal01,NYK,0.851,0.851,82,False
947,1998,Allen Iverson,iversal01,PHI,0.729,0.729,80,False
297,1998,Alonzo Mourning,mournal01,MIA,0.665,0.665,58,False
175,1998,Alton Lister,listeal01,POR,,,7,False
1541,1998,Alvin Williams,willial02,2TM,0.722,0.722,54,True
692,1998,Andrew DeClercq,declean01,BOS,0.601,0.601,81,False
457,1998,Andrew Lang,langan01,MIL,0.772,0.772,57,False
358,1998,Anfernee Hardaway,hardaan01,ORL,0.763,0.763,19,False
194,1998,Anthony Bowie,bowiean01,NYK,0.889,0.889,27,False
924,1998,Anthony Goldwire,goldwan01,DEN,0.806,0.806,82,False
1533,1998,Anthony Johnson,johnsan02,SAC,0.727,0.727,77,False
193,1998,Anthony Mason,masonan01,CHH,0.649,0.649,81,False
292,1998,Anthony Miller,millean01,ATL,0.538,0.538,37,False
1515,1998,Anthony Parker,parkean01,PHI,0.65,0.65,37,False
324,1998,Anthony Peeler,peelean01,2TM,0.766,0.766,38,True
156,1998,Antoine Carr,carran01,UTA,0.776,0.776,66,False
952,1998,Antoine Walker,walkean02,BOS,0.645,0.645,82,False
1498,1998,Antonio Daniels,daniean01,VAN,0.659,0.659,74,False
213,1998,Antonio Davis,davisan01,IND,0.696,0.696,82,False
226,1998,Antonio Lang,langan02,MIA,0.75,0.75,6,False
686,1998,Antonio McDyess,mcdyean01,PHO,0.702,0.702,81,False
288,1998,Armen Gilliam,gilliar01,MIL,0.802,0.802,82,False
717,1998,Arvydas Sabonis,sabonar01,POR,0.798,0.798,73,False
1506,1998,Austin Croshere,croshau01,IND,0.571,0.571,26,False
422,1998,Avery Johnson,johnsav01,SAS,0.726,0.726,75,False
769,1998,B.J. Armstrong,armstbj01,2TM,0.84,0.84,66,True
989,1998,Ben Davis,davisbe01,NYK,,,7,False
1112,1998,Ben Wallace,wallabe01,WAS,0.357,0.357,67,False
104,1998,Benoit Benjamin,benjabe01,PHI,0.633,0.633,14,False
223,1998,Bill Curley,curlebi01,MIN,0.667,0.667,11,False
82,1998,Bill Wennington,wennibi01,CHI,0.81,0.81,48,False
182,1998,Billy Owens,owensbi01,SAC,0.589,0.589,78,False
902,1998,Bimbo Coles,colesbi01,GSW,0.886,0.886,53,False
183,1998,Bison Dele,delebi01,DET,0.707,0.707,78,False
898,1998,Blue Edwards,edwarbl01,VAN,0.837,0.837,81,False
448,1998,Bo Outlaw,outlabo01,ORL,0.575,0.575,82,False
737,1998,Bob McCann,mccanbo01,TOR,,,1,False
682,1998,Bob Sura,surabo01,CLE,0.565,0.565,46,False
310,1998,Bobby Hurley,hurlebo01,2TM,0.776,0.776,61,True
1517,1998,Bobby Jackson,jacksbo01,DEN,0.814,0.814,68,False
184,1998,Bobby Phills,phillbo01,CHH,0.757,0.757,62,False
38,1998,Brad Lohaus,lohaubr01,SAS,0.333,0.333,9,False
1585,1998,Brandon Williams,willibr01,GSW,0.5,0.5,9,False
699,1998,Brent Barry,barrybr01,2TM,0.858,0.858,58,True
85,1998,Brent Price,pricebr01,HOU,0.786,0.786,72,False
1510,1998,Brevin Knight,knighbr01,CLE,0.801,0.801,80,False
967,1998,Brian Evans,evansbr01,2TM,0.807,0.807,72,True
258,1998,Brian Grant,grantbr01,POR,0.75,0.75,61,False
1680,1998,Brian Oliver,olivebr01,ATL,0.25,0.25,5,False
216,1998,Brian Shaw,shawbr01,2TM,0.692,0.692,59,True
240,1998,Brooks Thompson,thompbr01,2TM,0.5,0.5,30,True
1477,1998,Bruce Bowen,bowenbr01,BOS,0.623,0.623,61,False
735,1998,Bryant Reeves,reevebr01,VAN,0.706,0.706,74,False
179,1998,Bryant Stith,stithbr01,DEN,0.872,0.872,31,False
935,1998,Bryon Russell,russebr01,UTA,0.766,0.766,82,False
1528,1998,Bubba Wells,wellsbu01,DAL,0.721,0.721,39,False
433,1998,Buck Williams,willibu01,NYK,0.732,0.732,41,False
384,1998,Calbert Cheaney,cheanca01,WAS,0.647,0.647,82,False
61,1998,Carl Herrera,herreca01,SAS,0.409,0.409,58,False
1063,1998,Carl Thomas,thomaca01,3TM,0.64,0.64,43,True
435,1998,Carlos Rogers,rogerca01,2TM,0.563,0.563,21,True
76,1998,Cedric Ceballos,cebalce01,2TM,0.738,0.738,47,True
1538,1998,Cedric Henderson,hendece02,CLE,0.716,0.716,82,False
787,1998,Charles Barkley,barklch01,HOU,0.746,0.746,68,False
279,1998,Charles Jones,jonesch01,HOU,0.5,0.5,24,False
1525,1998,Charles O'Bannon,obannch01,DET,0.8,0.8,30,False
891,1998,Charles Oakley,oaklech01,NYK,0.851,0.851,79,False
1520,1998,Charles Smith,smithch04,2TM,0.545,0.545,34,True
369,1998,Charlie Ward,wardch01,NYK,0.805,0.805,82,False
1497,1998,Chauncey Billups,billuch01,2TM,0.85,0.85,80,True
685,1998,Cherokee Parks,parksch02,MIN,0.651,0.651,79,False
1512,1998,Chris Anstey,anstech01,DAL,0.716,0.716,41,False
713,1998,Chris Carr,carrch01,MIN,0.848,0.848,51,False
164,1998,Chris Childs,childch01,NYK,0.825,0.825,68,False
1544,1998,Chris Crawford,crawfch01,ATL,0.838,0.838,40,False
201,1998,Chris Dudley,dudlech02,NYK,0.446,0.446,51,False
1612,1998,Chris Garner,garnech01,TOR,0.429,0.429,38,False
423,1998,Chris Gatling,gatlich01,NJN,0.6,0.6,57,False
168,1998,Chris Mills,millsch01,NYK,0.804,0.804,80,False
356,1998,Chris Morris,morrich01,UTA,0.721,0.721,54,False
904,1998,Chris Mullin,mullich01,IND,0.939,0.939,82,False
997,1998,Chris Robinson,robinch01,2TM,0.5,0.5,35,True
185,1998,Chris Webber,webbech01,WAS,0.589,0.589,71,False
43,1998,Chris Whitney,whitnch01,WAS,0.915,0.915,82,False
363,1998,Christian Laettner,laettch01,ATL,0.864,0.864,74,False
456,1998,Chuck Person,persoch01,SAS,0.757,0.757,61,False
359,1998,Chucky Brown,brownch01,ATL,0.724,0.724,77,False
221,1998,Clarence Weatherspoon,weathcl01,2TM,0.722,0.722,79,True
361,1998,Clifford Robinson,robincl02,PHO,0.689,0.689,80,False
32,1998,Clifford Rozier,roziecl01,MIN,0.0,0.0,6,False
17,1998,Clyde Drexler,drexlcl01,HOU,0.801,0.801,70,False
1133,1998,Corey Beck,beckco01,CHH,0.729,0.729,59,False
916,1998,Corie Blount,blounco01,LAL,0.5,0.5,70,False
722,1998,Corliss Williamson,willico02,SAC,0.63,0.63,79,False
724,1998,Cory Alexander,alexaco01,2TM,0.784,0.784,60,True
905,1998,Dale Davis,davisda01,IND,0.465,0.465,78,False
107,1998,Dale Ellis,ellisda01,SEA,0.782,0.782,79,False
757,1998,Damon Stoudamire,stoudda01,2TM,0.829,0.829,71,True
105,1998,Dan Majerle,majerda01,MIA,0.784,0.784,72,False
344,1998,Dana Barros,barroda01,BOS,0.847,0.847,80,False
198,1998,Danny Ferry,ferryda01,CLE,0.8,0.8,69,False
1504,1998,Danny Fortson,fortsda01,DEN,0.776,0.776,80,False
330,1998,Danny Manning,mannida01,PHO,0.739,0.739,70,False
7,1998,Danny Schayes,schayda01,ORL,0.807,0.807,74,False
353,1998,Darrell Armstrong,armstda01,ORL,0.854,0.854,48,False
239,1998,Darrick Martin,martida01,LAC,0.848,0.848,82,False
1032,1998,Darvin Ham,hamda01,WAS,0.473,0.473,71,False
128,1998,David Benoit,benoida01,2TM,0.824,0.824,77,True
764,1998,David Robinson,robinda01,SAS,0.735,0.735,73,False
710,1998,David Vaughn,vaughda02,3TM,0.638,0.638,40,True
133,1998,David Wesley,wesleda01,CHH,0.795,0.795,81,False
766,1998,David Wingate,wingada01,SEA,0.517,0.517,58,False
1545,1998,DeJuan Wheat,wheatde01,MIN,0.6,0.6,34,False
1051,1998,Dean Garrett,garrede01,DEN,0.648,0.648,82,False
244,1998,Dee Brown,brownde01,2TM,0.817,0.817,72,True
209,1998,Dell Curry,curryde01,CHH,0.788,0.788,52,False
23,1998,Dennis Rodman,rodmade01,CHI,0.55,0.55,80,False
192,1998,Dennis Scott,scottde01,2TM,0.808,0.808,81,True
1507,1998,Derek Anderson,anderde01,CLE,0.873,0.873,66,False
965,1998,Derek Fisher,fishede01,LAL,0.757,0.757,82,False
1575,1998,Derek Grimm,grimmde01,SAC,1.0,1.0,9,False
157,1998,Derek Harper,harpede01,ORL,0.696,0.696,66,False
400,1998,Derek Strong,stronde01,ORL,0.781,0.781,58,False
934,1998,Derrick Coleman,colemde01,PHI,0.772,0.772,59,False
365,1998,Derrick McKey,mckeyde01,IND,0.714,0.714,57,False
96,1998,Detlef Schrempf,schrede01,SEA,0.844,0.844,78,False
54,1998,Dickey Simpkins,simpkdi01,2TM,0.514,0.514,40,True
87,1998,Dikembe Mutombo,mutomdi01,ATL,0.67,0.67,82,False
931,1998,Don MacLean,macledo01,NJN,,,9,False
690,1998,Don Reid,reiddo01,DET,0.704,0.704,68,False
140,1998,Donald Royal,royaldo01,2TM,0.879,0.879,31,True
1126,1998,Donald Whiteside,whitedo01,ATL,0.0,0.0,3,False
963,1998,Dontae' Jones,jonesdo01,BOS,,,15,False
112,1998,Dontonio Wingfield,wingfdo01,POR,0.5,0.5,3,False
923,1998,Donyell Marshall,marshdo01,GSW,0.731,0.731,73,False
57,1998,Doug Christie,chrisdo01,TOR,0.829,0.829,78,False
77,1998,Doug Overton,overtdo01,PHI,0.875,0.875,23,False
28,1998,Doug West,westdo01,MIN,0.725,0.725,38,False
1003,1998,Drew Barry,barrydr01,ATL,0.846,0.846,27,False
190,1998,Duane Causwell,causwdu01,MIA,0.577,0.577,37,False
273,1998,Duane Ferrell,ferredu01,GSW,0.545,0.545,50,False
1516,1998,Ed Gray,grayed01,ATL,0.846,0.846,30,False
1055,1998,Ed Stokes,stokeed01,TOR,0.5,0.5,4,False
698,1998,Eddie Johnson,johnsed03,HOU,0.831,0.831,75,False
224,1998,Eddie Jones,jonesed02,LAL,0.765,0.765,80,False
922,1998,Elden Campbell,campbel01,LAL,0.693,0.693,81,False
695,1998,Eldridge Recasner,recasel01,ATL,0.937,0.937,59,False
386,1998,Elliot Perry,perryel01,MIL,0.844,0.844,81,False
1023,1998,Emanual Davis,davisem01,HOU,0.838,0.838,45,False
376,1998,Eric Montross,montrer01,2TM,0.4,0.4,48,True
785,1998,Eric Murdock,murdoer01,MIA,0.801,0.801,82,False
15,1998,Eric Piatkowski,piatker01,LAC,0.824,0.824,67,False
35,1998,Eric Riley,rileyer01,DAL,0.75,0.75,39,False
727,1998,Eric Snow,snower01,2TM,0.69,0.69,64,True
1540,1998,Eric Washington,washier01,DEN,0.783,0.783,66,False
677,1998,Eric Williams,willier01,DEN,0.689,0.689,4,False
956,1998,Erick Dampier,dampier01,GSW,0.669,0.669,82,False
1065,1998,Erick Strickland,stricer01,DAL,0.774,0.774,67,False
911,1998,Ervin Johnson,johnser02,MIL,0.601,0.601,81,False
1564,1998,Etdrick Bohannon,bohanet01,IND,,,5,False
280,1998,Felton Spencer,spencfe01,GSW,0.557,0.557,68,False
697,1998,Fred Hoiberg,hoibefr01,IND,0.855,0.855,65,False
202,1998,Gary Grant,grantga01,POR,0.857,0.857,22,False
56,1998,Gary Payton,paytoga01,SEA,0.744,0.744,82,False
718,1998,Gary Trent,trentga01,2TM,0.679,0.679,54,True
248,1998,George Lynch,lynchge01,VAN,0.703,0.703,82,False
45,1998,George McCloud,mccloge01,PHO,0.765,0.765,63,False
678,1998,George Zídek,zidekge01,2TM,0.875,0.875,12,True
1666,1998,Gerald Madkins,madkige01,GSW,0.714,0.714,19,False
786,1998,Gerald Wilkins,wilkige01,ORL,0.704,0.704,72,False
779,1998,Glen Rice,ricegl01,CHH,0.849,0.849,82,False
299,1998,Glenn Robinson,robingl01,MIL,0.808,0.808,56,False
1539,1998,God Shammgod,shammgo01,WAS,0.767,0.767,20,False
255,1998,Grant Hill,hillgr01,DET,0.74,0.74,81,False
3,1998,Grant Long,longgr01,DET,0.719,0.719,40,False
246,1998,Greg Anderson,andergr01,ATL,0.39,0.39,50,False
21,1998,Greg Anthony,anthogr01,SEA,0.663,0.663,80,False
323,1998,Greg Foster,fostegr01,UTA,0.77,0.77,78,False
37,1998,Greg Graham,grahagr01,CLE,1.0,1.0,6,False
65,1998,Greg Minor,minorgr01,BOS,0.686,0.686,69,False
731,1998,Greg Ostertag,ostergr01,UTA,0.479,0.479,63,False
165,1998,Hakeem Olajuwon,olajuha01,HOU,0.755,0.755,47,False
1677,1998,Harold Ellis,ellisha01,DEN,0.635,0.635,27,False
265,1998,Harvey Grant,grantha01,WAS,0.633,0.633,65,False
1080,1998,Henry James,jameshe01,CLE,0.955,0.955,28,False
1006,1998,Herb Williams,willihe01,NYK,0.125,0.125,27,False
765,1998,Hersey Hawkins,hawkihe01,SEA,0.868,0.868,82,False
270,1998,Horace Grant,grantho01,ORL,0.678,0.678,76,False
1024,1998,Horacio Llamas,llamaho01,PHO,0.7,0.7,8,False
73,1998,Hot Rod Williams,williho01,PHO,0.699,0.699,71,False
458,1998,Howard Eisley,eisleho01,UTA,0.852,0.852,82,False
93,1998,Hubert Davis,davishu01,DAL,0.836,0.836,81,False
1134,1998,Isaac Austin,austiis01,2TM,0.669,0.669,78,True
375,1998,Isaiah Rider,rideris01,POR,0.828,0.828,74,False
1096,1998,Ivano Newbill,newbiiv01,VAN,0.567,0.567,28,False
462,1998,J.R. Reid,reidjr01,CHH,0.73,0.73,79,False
917,1998,Jack Haley,haleyja01,NJN,0.571,0.571,16,False
1521,1998,Jacque Vaughn,vaughja01,UTA,0.706,0.706,45,False
147,1998,Jalen Rose,roseja01,IND,0.728,0.728,82,False
469,1998,Jamal Mashburn,mashbja01,MIA,0.797,0.797,48,False
1530,1998,James Collins,collija01,LAC,0.571,0.571,23,False
1526,1998,James Cotton,cottoja02,SEA,0.889,0.889,9,False
381,1998,James Robinson,robinja02,LAC,0.72,0.72,70,False
994,1998,Jamie Feick,feickja01,MIL,0.488,0.488,45,False
1114,1998,Jaren Jackson,jacksja01,SAS,0.797,0.797,82,False
679,1998,Jason Caffey,caffeja01,2TM,0.655,0.655,80,True
467,1998,Jason Kidd,kiddja01,PHO,0.799,0.799,82,False
1535,1998,Jason Lawson,lawsoja01,ORL,0.8,0.8,17,False
420,1998,Jayson Williams,willija01,NJN,0.666,0.666,65,False
81,1998,Jeff Grayer,grayeje01,2TM,,,5,True
204,1998,Jeff Hornacek,hornaje01,UTA,0.885,0.885,80,False
999,1998,Jeff Nordgaard,nordgje01,MIL,0.889,0.889,13,False
1532,1998,Jerald Honeycutt,honeyje01,MIL,0.621,0.621,38,False
979,1998,Jermaine O'Neal,onealje01,POR,0.506,0.506,60,False
760,1998,Jerome Kersey,kerseje01,SEA,0.6,0.6,37,False
966,1998,Jerome Williams,willije01,DET,0.651,0.651,77,False
711,1998,Jerry Stackhouse,stackje01,2TM,0.787,0.787,79,True
754,1998,Jim Jackson,jacksji01,2TM,0.812,0.812,79,True
29,1998,Jim McIlvaine,mcilvji01,SEA,0.556,0.556,78,False
1429,1998,Jimmy Oliver,oliveji01,WAS,,,1,False
247,1998,Joe Dumars,dumarjo01,DET,0.825,0.825,72,False
170,1998,Joe Kleine,kleinjo01,CHI,0.833,0.833,46,False
693,1998,Joe Smith,smithjo02,2TM,0.775,0.775,79,True
1086,1998,Joe Stephens,stephjo01,HOU,0.667,0.667,7,False
341,1998,Joe Wolf,wolfjo01,DEN,0.5,0.5,57,False
180,1998,John Crotty,crottjo01,POR,0.941,0.941,26,False
317,1998,John Starks,starkjo01,NYK,0.787,0.787,82,False
304,1998,John Stockton,stockjo01,UTA,0.827,0.827,64,False
1519,1998,John Thomas,thomajo02,2TM,0.759,0.759,54,True
961,1998,John Wallace,wallajo01,TOR,0.717,0.717,82,False
271,1998,Johnny Newman,newmajo01,DEN,0.82,0.82,74,False
1511,1998,Johnny Taylor,taylojo01,ORL,0.688,0.688,12,False
468,1998,Jon Barry,barryjo01,LAL,0.931,0.931,49,False
146,1998,Jud Buechler,buechju01,CHI,0.5,0.5,74,False
436,1998,Juwan Howard,howarju01,WAS,0.721,0.721,64,False
252,1998,Karl Malone,malonka01,UTA,0.761,0.761,81,False
1529,1998,Kebu Stewart,stewake01,PHI,0.64,0.64,15,False
173,1998,Keith Askins,askinke01,MIA,0.632,0.632,46,False
1522,1998,Keith Booth,boothke01,CHI,1.0,1.0,6,False
1569,1998,Keith Closs,closske01,LAC,0.597,0.597,58,False
1496,1998,Keith Van Horn,vanhoke01,NJN,0.846,0.846,62,False
1509,1998,Kelvin Cato,catoke01,POR,0.688,0.688,74,False
383,1998,Kendall Gill,gillke01,NJN,0.688,0.688,81,False
72,1998,Kenny Anderson,anderke01,2TM,0.789,0.789,61,True
954,1998,Kerry Kittles,kittlke01,NJN,0.808,0.808,77,False
236,1998,Kevin Edwards,edwarke01,2TM,0.857,0.857,39,True
708,1998,Kevin Garnett,garneke01,MIN,0.738,0.738,82,False
134,1998,Kevin Johnson,johnske02,PHO,0.871,0.871,50,False
1563,1998,Kevin Ollie,ollieke01,2TM,0.7,0.7,35,True
1089,1998,Kevin Salvadori,salvake01,SAC,0.5,0.5,16,False
788,1998,Kevin Willis,willike02,HOU,0.793,0.793,81,False
234,1998,Khalid Reeves,reevekh01,DAL,0.775,0.775,82,False
1619,1998,Kiwane Lemorris Garris,garriki01,DEN,0.76,0.76,28,False
977,1998,Kobe Bryant,bryanko01,LAL,0.794,0.794,79,False
703,1998,Kurt Thomas,thomaku01,DAL,1.0,1.0,5,False
111,1998,LaPhonso Ellis,ellisla01,DEN,0.805,0.805,76,False
441,1998,Lamond Murray,murrala01,LAC,0.748,0.748,79,False
913,1998,Larry Johnson,johnsla02,NYK,0.756,0.756,70,False
1683,1998,Larry Robinson,robinla01,VAN,1.0,1.0,6,False
84,1998,Latrell Sprewell,sprewla01,GSW,0.745,0.745,14,False
1444,1998,Lawrence Funderburke,fundela01,SAC,0.679,0.679,52,False
734,1998,Lawrence Moten,motenla01,WAS,0.75,0.75,8,False
289,1998,Ledell Eackles,eacklle01,WAS,0.881,0.881,42,False
195,1998,Lee Mayberry,maybele01,VAN,0.745,0.745,79,False
283,1998,Lindsey Hunter,hunteli01,DET,0.74,0.74,71,False
1036,1998,Litterial Green,greenli01,MIL,0.75,0.75,21,False
1380,1998,Lloyd Daniels,daniell01,TOR,0.8,0.8,6,False
953,1998,Lorenzen Wright,wrighlo02,LAC,0.659,0.659,69,False
31,1998,Lorenzo Williams,willilo01,WAS,0.0,0.0,14,False
919,1998,Loy Vaught,vaughlo01,LAC,0.375,0.375,10,False
26,1998,Luc Longley,longllu01,CHI,0.736,0.736,58,False
446,1998,Lucious Harris,harrilu01,NJN,0.745,0.745,50,False
51,1998,Mahmoud Abdul-Rauf,abdulma02,SAC,1.0,1.0,31,False
990,1998,Malik Rose,rosema01,SAS,0.639,0.639,53,False
907,1998,Malik Sealy,sealyma01,DET,0.824,0.824,77,False
948,1998,Marcus Camby,cambyma01,TOR,0.611,0.611,63,False
712,1998,Mario Bennett,bennema01,LAL,0.364,0.364,45,False
53,1998,Mario Elie,eliema01,HOU,0.833,0.833,73,False
95,1998,Mark Bryant,bryanma01,PHO,0.768,0.768,70,False
707,1998,Mark Davis,davisma02,PHI,0.634,0.634,71,False
971,1998,Mark Hendrickson,hendrma01,SAC,0.825,0.825,48,False
349,1998,Mark Jackson,jacksma01,IND,0.761,0.761,82,False
998,1998,Mark Pope,popema01,IND,0.588,0.588,28,False
899,1998,Mark Price,pricema01,ORL,0.845,0.845,63,False
1110,1998,Mark Strickland,stricma01,MIA,0.72,0.72,51,False
770,1998,Mark West,westma01,IND,0.5,0.5,15,False
1527,1998,Marko Milič,milicma01,PHO,0.647,0.647,33,False
982,1998,Martin Müürsepp,muursma01,DAL,0.761,0.761,41,False
55,1998,Marty Conlon,conloma01,MIA,0.727,0.727,18,False
672,1998,Matt Bullard,bullama01,HOU,0.741,0.741,67,False
761,1998,Matt Geiger,geigema01,CHH,0.712,0.712,78,False
1074,1998,Matt Maloney,malonma01,HOU,0.833,0.833,78,False
1508,1998,Maurice Taylor,tayloma01,LAC,0.709,0.709,71,False
262,1998,Michael Cage,cagemi01,NJN,0.556,0.556,79,False
688,1998,Michael Curry,currymi01,MIL,0.835,0.835,82,False
714,1998,Michael Finley,finlemi01,DAL,0.784,0.784,82,False
893,1998,Michael Jordan,jordami01,CHI,0.784,0.784,82,False
1075,1998,Michael McDonald,mcdonmi01,CHH,,,1,False
63,1998,Michael Smith,smithmi02,2TM,0.631,0.631,48,True
1565,1998,Michael Stewart,stewami01,SAC,0.458,0.458,81,False
52,1998,Micheal Williams,willimi02,MIN,0.97,0.97,25,False
782,1998,Mitch Richmond,richmmi01,SAC,0.864,0.864,70,False
348,1998,Mitchell Butler,butlemi02,CLE,0.6,0.6,18,False
42,1998,Monty Williams,willimo01,SAS,0.67,0.67,72,False
302,1998,Mookie Blaylock,blaylmo01,ATL,0.709,0.709,70,False
177,1998,Muggsy Bogues,boguemu01,2TM,0.897,0.897,61,True
203,1998,Nate McMillan,mcmilna01,SEA,1.0,1.0,18,False
98,1998,Nick Anderson,anderni01,ORL,0.638,0.638,58,False
89,1998,Nick Van Exel,vanexni01,LAL,0.791,0.791,64,False
178,1998,Olden Polynice,polynol01,SAC,0.452,0.452,70,False
932,1998,Oliver Miller,milleol01,TOR,0.604,0.604,64,False
970,1998,Othella Harrington,harriot01,HOU,0.754,0.754,58,False
901,1998,Otis Thorpe,thorpot01,2TM,0.683,0.683,74,True
136,1998,P.J. Brown,brownpj01,MIA,0.766,0.766,74,False
121,1998,Patrick Ewing,ewingpa01,NYK,0.72,0.72,26,False
442,1998,Pervis Ellison,ellispe01,BOS,0.588,0.588,33,False
432,1998,Pete Chilcutt,chilcpe01,VAN,0.661,0.661,82,False
939,1998,Pete Myers,myerspe01,NYK,0.667,0.667,9,False
71,1998,Pooh Richardson,richapo01,LAC,0.698,0.698,69,False
461,1998,Popeye Jones,jonespo01,TOR,0.737,0.737,14,False
968,1998,Priest Lauderdale,laudepr01,DEN,0.551,0.551,39,False
753,1998,Randy Brown,brownra02,CHI,0.718,0.718,71,False
988,1998,Randy Livingston,livinra01,ATL,0.8,0.8,12,False
739,1998,Rasheed Wallace,wallara01,POR,0.662,0.662,77,False
951,1998,Ray Allen,allenra02,MIL,0.875,0.875,82,False
1002,1998,Reggie Geary,gearyre01,SAS,0.5,0.5,62,False
1682,1998,Reggie Hanson,hansore01,BOS,,,8,False
674,1998,Reggie Jordan,jordare01,MIN,0.569,0.569,57,False
397,1998,Reggie Miller,millere01,IND,0.868,0.868,81,False
1073,1998,Reggie Slater,slatere01,TOR,0.63,0.63,78,False
364,1998,Rex Chapman,chapmre01,PHO,0.781,0.781,68,False
777,1998,Rex Walters,waltere01,2TM,0.929,0.929,38,True
1594,1998,Rick Brunson,brunsri01,POR,0.677,0.677,38,False
296,1998,Rick Fox,foxri01,LAL,0.743,0.743,82,False
328,1998,Rick Mahorn,mahorri01,DET,0.676,0.676,59,False
894,1998,Ricky Pierce,piercri01,MIL,0.827,0.827,39,False
22,1998,Rik Smits,smitsri01,IND,0.783,0.783,73,False
109,1998,Robert Horry,horryro01,LAL,0.692,0.692,72,False
123,1998,Robert Pack,packro01,DAL,0.694,0.694,12,False
393,1998,Rod Strickland,stricro02,WAS,0.726,0.726,76,False
915,1998,Rodney Rogers,rogerro01,LAC,0.686,0.686,76,False
1518,1998,Rodrick Rhodes,rhodero01,HOU,0.617,0.617,58,False
166,1998,Ron Harper,harpero01,CHI,0.75,0.75,82,False
1500,1998,Ron Mercer,mercero01,BOS,0.839,0.839,80,False
938,1998,Rony Seikaly,seikaro01,2TM,0.741,0.741,56,True
964,1998,Roy Rogers,rogerro02,2TM,0.333,0.333,15,True
1601,1998,Rusty LaRue,larueru01,CHI,0.625,0.625,14,False
208,1998,Sam Cassell,cassesa01,NJN,0.86,0.86,75,False
694,1998,Sam Mack,macksa01,VAN,0.805,0.805,57,False
417,1998,Sam Mitchell,mitchsa01,MIN,0.832,0.832,81,False
64,1998,Sam Perkins,perkisa01,SEA,0.789,0.789,81,False
955,1998,Samaki Walker,walkesa01,DAL,0.546,0.546,41,False
1513,1998,Scot Pollard,pollasc01,DET,0.826,0.826,33,False
418,1998,Scott Brooks,brooksc01,CLE,0.9,0.9,43,False
197,1998,Scott Burrell,burresc01,CHI,0.734,0.734,80,False
281,1998,Scott Williams,willisc01,PHI,0.81,0.81,58,False
937,1998,Scottie Pippen,pippesc01,CHI,0.777,0.777,44,False
251,1998,Sean Elliott,elliose01,SAS,0.718,0.718,36,False
925,1998,Sean Higgins,higgise01,POR,,,2,False
399,1998,Sean Rooks,rooksse01,LAL,0.595,0.595,41,False
1000,1998,Shandon Anderson,andersh01,UTA,0.735,0.735,82,False
406,1998,Shaquille O'Neal,onealsh01,LAL,0.527,0.527,60,False
949,1998,Shareef Abdur-Rahim,abdursh01,VAN,0.784,0.784,82,False
412,1998,Sharone Wright,wrighsh01,TOR,0.5,0.5,7,False
762,1998,Shawn Bradley,bradlsh01,DAL,0.722,0.722,64,False
431,1998,Shawn Kemp,kempsh01,CLE,0.727,0.727,80,False
704,1998,Shawn Respert,respesh01,2TM,0.787,0.787,57,True
1035,1998,Shawnelle Scott,scottsh01,CLE,0.667,0.667,41,False
1578,1998,Shea Seals,sealssh01,LAL,0.5,0.5,4,False
428,1998,Sherman Douglas,douglsh01,NJN,0.669,0.669,80,False
892,1998,Spud Webb,webbsp01,ORL,1.0,1.0,4,False
278,1998,Stacey Augmon,augmost01,POR,0.603,0.603,71,False
914,1998,Stanley Roberts,roberst01,MIN,0.481,0.481,74,False
1128,1998,Stephen Howard,howarst01,SEA,0.5,0.5,13,False
950,1998,Stephon Marbury,marbust01,MIN,0.731,0.731,82,False
1667,1998,Steve Henson,hensost01,DET,1.0,1.0,23,False
70,1998,Steve Kerr,kerrst01,CHI,0.918,0.918,50,False
959,1998,Steve Nash,nashst01,PHO,0.86,0.86,76,False
120,1998,Steve Smith,smithst01,ATL,0.855,0.855,73,False
1037,1998,Stojko Vranković,vrankst01,LAC,0.569,0.569,65,False
1505,1998,Tariq Abdul-Wahad,abdulta01,SAC,0.672,0.672,59,False
210,1998,Terrell Brandon,brandte01,MIL,0.846,0.846,50,False
187,1998,Terry Cummings,cummite01,2TM,0.684,0.684,74,True
426,1998,Terry Davis,daviste01,WAS,0.58,0.58,74,False
143,1998,Terry Dehere,deherte01,SAC,0.798,0.798,77,False
371,1998,Terry Mills,millste01,MIA,0.758,0.758,50,False
345,1998,Terry Porter,portete01,MIN,0.856,0.856,82,False
689,1998,Theo Ratliff,ratlith01,2TM,0.701,0.701,82,True
160,1998,Tim Breaux,breauti01,MIL,0.5,0.5,6,False
1495,1998,Tim Duncan,duncati01,SAS,0.662,0.662,82,False
896,1998,Tim Hardaway,hardati01,MIA,0.781,0.781,81,False
1118,1998,Tim Kempton,kemptti01,2TM,,,8,True
100,1998,Tim Legler,legleti01,WAS,0.75,0.75,8,False
1501,1998,Tim Thomas,thomati01,PHI,0.74,0.74,77,False
103,1998,Todd Day,dayto01,MIA,0.667,0.667,5,False
957,1998,Todd Fuller,fulleto02,GSW,0.688,0.688,57,False
1472,1998,Tom Chambers,chambto01,PHI,1.0,1.0,1,False
339,1998,Tom Gugliotta,guglito01,MIN,0.821,0.821,41,False
67,1998,Tom Hammonds,hammoto01,MIN,0.697,0.697,57,False
389,1998,Toni Kukoč,kukocto01,CHI,0.708,0.708,74,False
1499,1998,Tony Battie,battito01,DEN,0.702,0.702,65,False
960,1998,Tony Delk,delkto01,2TM,0.735,0.735,77,True
434,1998,Tony Dumas,dumasto01,CLE,0.0,0.0,7,False
1108,1998,Tony Farmer,farmeto01,CHH,0.795,0.795,27,False
763,1998,Tony Massenburg,masseto01,VAN,0.73,0.73,61,False
380,1998,Tony Smith,smithto02,MIL,0.75,0.75,7,False
1503,1998,Tracy McGrady,mcgratr01,TOR,0.712,0.712,64,False
145,1998,Tracy Murray,murratr01,WAS,0.871,0.871,82,False
696,1998,Travis Best,besttr01,IND,0.855,0.855,82,False
969,1998,Travis Knight,knightr01,BOS,0.786,0.786,74,False
1576,1998,Travis Williams,willitr01,CHH,0.522,0.522,39,False
1607,1998,Troy Hudson,hudsotr01,UTA,,,8,False
895,1998,Tyrone Corbin,corbity01,ATL,0.789,0.789,79,False
238,1998,Tyrone Hill,hillty01,MIL,0.608,0.608,57,False
721,1998,Tyus Edney,edneyty01,BOS,0.793,0.793,52,False
137,1998,Vernon Maxwell,maxweve01,2TM,0.8,0.8,42,True
452,1998,Vin Baker,bakervi01,SEA,0.591,0.591,82,False
355,1998,Vincent Askew,askewvi01,POR,0.718,0.718,30,False
219,1998,Vinny Del Negro,delnevi01,SAS,0.796,0.796,54,False
958,1998,Vitaly Potapenko,potapvi01,CLE,0.708,0.708,80,False
124,1998,Vlade Divac,divacvl01,CHH,0.691,0.691,64,False
702,1998,Voshon Lenard,lenarvo01,MIA,0.788,0.788,81,False
1005,1998,Walt Williams,williwa02,2TM,0.864,0.864,59,True
962,1998,Walter McCarty,mccarwa01,BOS,0.742,0.742,82,False
445,1998,Wesley Person,persowe01,CLE,0.776,0.776,82,False
781,1998,Will Perdue,perduwi01,SAS,0.526,0.526,79,False
1061,1998,William Cunningham,cunniwi01,2TM,,,7,True
416,1998,Willie Burton,burtowi01,SAS,0.667,0.667,13,False
1365,1998,Xavier McDaniel,mcdanxa01,NJN,0.625,0.625,20,False
212,1998,Yinka Dare,dareyi01,NJN,0.5,0.5,10,False
980,1998,Zydrunas Ilgauskas,ilgauzy01,CLE,0.762,0.762,82,False
440,1998,Žan Tabak,tabakza01,2TM,0.377,0.377,57,True
920,1999,A.C. Green,greenac01,DAL,0.577,0.577,50,False
243,1999,Aaron McKie,mckieaa01,PHI,0.71,0.71,50,False
1425,1999,Aaron Williams,williaa01,SEA,0.73,0.73,40,False
228,1999,Adam Keefe,keefead01,UTA,0.697,0.697,44,False
1502,1999,Adonal Foyle,foylead01,GSW,0.49,0.49,44,False
1817,1999,Adonis Jordan,jordaad01,MIL,0.5,0.5,4,False
1733,1999,Al Harrington,harrial01,IND,0.6,0.6,21,False
673,1999,Alan Henderson,hendeal01,ATL,0.671,0.671,38,False
275,1999,Allan Houston,houstal01,NYK,0.862,0.862,50,False
947,1999,Allen Iverson,iversal01,PHI,0.751,0.751,48,False
297,1999,Alonzo Mourning,mournal01,MIA,0.652,0.652,46,False
1591,1999,Alvin Sims,simsal01,PHO,0.4,0.4,4,False
1541,1999,Alvin Williams,willial02,TOR,0.846,0.846,50,False
1754,1999,Andrae Patterson,pattean01,MIN,0.778,0.778,35,False
692,1999,Andrew DeClercq,declean01,2TM,0.674,0.674,47,True
1845,1999,Andrew Gaze,gazean01,SAS,,,19,False
457,1999,Andrew Lang,langan01,CHI,0.696,0.696,21,False
358,1999,Anfernee Hardaway,hardaan01,ORL,0.706,0.706,50,False
1712,1999,Antawn Jamison,jamisan01,GSW,0.588,0.588,47,False
138,1999,Anthony Avent,aventan01,UTA,0.5,0.5,5,False
1533,1999,Anthony Johnson,johnsan02,ATL,0.695,0.695,49,False
292,1999,Anthony Miller,millean01,HOU,0.636,0.636,29,False
1515,1999,Anthony Parker,parkean01,PHI,,,2,False
324,1999,Anthony Peeler,peelean01,MIN,0.732,0.732,28,False
156,1999,Antoine Carr,carran01,HOU,0.714,0.714,18,False
952,1999,Antoine Walker,walkean02,BOS,0.559,0.559,42,False
1498,1999,Antonio Daniels,daniean01,SAS,0.754,0.754,47,False
213,1999,Antonio Davis,davisan01,IND,0.703,0.703,49,False
226,1999,Antonio Lang,langan02,CLE,0.556,0.556,10,False
686,1999,Antonio McDyess,mcdyean01,DEN,0.68,0.68,50,False
288,1999,Armen Gilliam,gilliar01,MIL,0.782,0.782,34,False
717,1999,Arvydas Sabonis,sabonar01,POR,0.771,0.771,50,False
1506,1999,Austin Croshere,croshau01,IND,0.87,0.87,27,False
422,1999,Avery Johnson,johnsav01,SAS,0.568,0.568,50,False
769,1999,B.J. Armstrong,armstbj01,2TM,0.857,0.857,32,True
989,1999,Ben Davis,davisbe01,NYK,0.5,0.5,8,False
1112,1999,Ben Wallace,wallabe01,WAS,0.356,0.356,46,False
104,1999,Benoit Benjamin,benjabe01,PHI,,,6,False
223,1999,Bill Curley,curlebi01,MIN,0.864,0.864,35,False
82,1999,Bill Wennington,wennibi01,CHI,0.818,0.818,38,False
182,1999,Billy Owens,owensbi01,SEA,0.8,0.8,21,False
902,1999,Bimbo Coles,colesbi01,GSW,0.822,0.822,48,False
183,1999,Bison Dele,delebi01,DET,0.686,0.686,49,False
898,1999,Blue Edwards,edwarbl01,MIA,0.692,0.692,24,False
448,1999,Bo Outlaw,outlabo01,ORL,0.432,0.432,31,False
682,1999,Bob Sura,surabo01,CLE,0.631,0.631,50,False
1517,1999,Bobby Jackson,jacksbo01,MIN,0.772,0.772,50,False
184,1999,Bobby Phills,phillbo01,CHH,0.685,0.685,43,False
1719,1999,Bonzi Wells,wellsbo01,POR,0.444,0.444,7,False
1802,1999,Brad Miller,millebr01,CHH,0.794,0.794,38,False
1585,1999,Brandon Williams,willibr01,SAS,0.5,0.5,3,False
699,1999,Brent Barry,barrybr01,CHI,0.772,0.772,37,False
85,1999,Brent Price,pricebr01,HOU,0.754,0.754,40,False
1510,1999,Brevin Knight,knighbr01,CLE,0.745,0.745,39,False
967,1999,Brian Evans,evansbr01,2TM,1.0,1.0,16,True
258,1999,Brian Grant,grantbr01,POR,0.814,0.814,48,False
216,1999,Brian Shaw,shawbr01,POR,,,1,False
1730,1999,Brian Skinner,skinnbr01,LAC,0.606,0.606,21,False
1477,1999,Bruce Bowen,bowenbr01,BOS,0.458,0.458,30,False
1743,1999,Bruno Šundov,sundobr01,DAL,,,3,False
735,1999,Bryant Reeves,reevebr01,VAN,0.578,0.578,25,False
179,1999,Bryant Stith,stithbr01,DEN,0.859,0.859,46,False
1724,1999,Bryce Drew,drewbr01,HOU,1.0,1.0,34,False
935,1999,Bryon Russell,russebr01,UTA,0.795,0.795,50,False
384,1999,Calbert Cheaney,cheanca01,WAS,0.493,0.493,50,False
61,1999,Carl Herrera,herreca01,2TM,0.455,0.455,28,True
435,1999,Carlos Rogers,rogerca01,POR,0.25,0.25,2,False
1745,1999,Casey Shaw,shawca01,PHI,,,9,False
76,1999,Cedric Ceballos,cebalce01,DAL,0.694,0.694,13,False
1538,1999,Cedric Henderson,hendece02,CLE,0.813,0.813,50,False
787,1999,Charles Barkley,barklch01,HOU,0.719,0.719,42,False
1869,1999,Charles Jones,jonesch03,CHI,0.5,0.5,29,False
1525,1999,Charles O'Bannon,obannch01,DET,1.0,1.0,18,False
891,1999,Charles Oakley,oaklech01,TOR,0.807,0.807,50,False
1593,1999,Charles Shackleford,shackch01,CHH,0.655,0.655,32,False
1520,1999,Charles Smith,smithch04,LAC,0.438,0.438,23,False
369,1999,Charlie Ward,wardch01,NYK,0.705,0.705,50,False
1497,1999,Chauncey Billups,billuch01,DEN,0.913,0.913,45,False
685,1999,Cherokee Parks,parksch02,VAN,0.545,0.545,48,False
1512,1999,Chris Anstey,anstech01,DAL,0.708,0.708,41,False
713,1999,Chris Carr,carrch01,2TM,0.675,0.675,39,True
164,1999,Chris Childs,childch01,NYK,0.821,0.821,48,False
1544,1999,Chris Crawford,crawfch01,ATL,0.814,0.814,42,False
201,1999,Chris Dudley,dudlech02,NYK,0.475,0.475,46,False
423,1999,Chris Gatling,gatlich01,2TM,0.398,0.398,48,True
12,1999,Chris King,kingch01,UTA,0.0,0.0,8,False
168,1999,Chris Mills,millsch01,GSW,0.823,0.823,47,False
356,1999,Chris Morris,morrich01,PHO,0.87,0.87,44,False
904,1999,Chris Mullin,mullich01,IND,0.87,0.87,50,False
185,1999,Chris Webber,webbech01,SAC,0.454,0.454,42,False
43,1999,Chris Whitney,whitnch01,WAS,0.871,0.871,39,False
363,1999,Christian Laettner,laettch01,DET,0.772,0.772,16,False
456,1999,Chuck Person,persoch01,CHH,0.75,0.75,50,False
359,1999,Chucky Brown,brownch01,CHH,0.678,0.678,48,False
221,1999,Clarence Weatherspoon,weathcl01,MIA,0.804,0.804,49,False
361,1999,Clifford Robinson,robincl02,PHO,0.697,0.697,50,False
1133,1999,Corey Beck,beckco01,2TM,0.533,0.533,24,True
1736,1999,Corey Benjamin,benjaco01,CHI,0.675,0.675,31,False
916,1999,Corie Blount,blounco01,2TM,0.519,0.519,34,True
722,1999,Corliss Williamson,willico02,SAC,0.638,0.638,50,False
724,1999,Cory Alexander,alexaco01,DEN,0.841,0.841,36,False
1757,1999,Cory Carr,carrco01,CHI,0.75,0.75,42,False
1749,1999,Cuttino Mobley,moblecu01,HOU,0.818,0.818,49,False
905,1999,Dale Davis,davisda01,IND,0.618,0.618,50,False
107,1999,Dale Ellis,ellisda01,SEA,0.757,0.757,48,False
1800,1999,Damon Jones,jonesda01,2TM,0.824,0.824,24,True
757,1999,Damon Stoudamire,stoudda01,POR,0.73,0.73,50,False
105,1999,Dan Majerle,majerda01,MIA,0.717,0.717,48,False
344,1999,Dana Barros,barroda01,BOS,0.877,0.877,50,False
198,1999,Danny Ferry,ferryda01,CLE,0.879,0.879,50,False
1504,1999,Danny Fortson,fortsda01,DEN,0.727,0.727,50,False
330,1999,Danny Manning,mannida01,PHO,0.696,0.696,50,False
7,1999,Danny Schayes,schayda01,ORL,0.75,0.75,19,False
353,1999,Darrell Armstrong,armstda01,ORL,0.904,0.904,50,False
239,1999,Darrick Martin,martida01,LAC,0.803,0.803,37,False
764,1999,David Robinson,robinda01,SAS,0.658,0.658,49,False
710,1999,David Vaughn,vaughda02,NJN,0.8,0.8,10,False
133,1999,David Wesley,wesleda01,CHH,0.832,0.832,50,False
766,1999,David Wingate,wingada01,NYK,,,20,False
1545,1999,DeJuan Wheat,wheatde01,VAN,0.727,0.727,46,False
1051,1999,Dean Garrett,garrede01,MIN,0.745,0.745,49,False
244,1999,Dee Brown,brownde01,TOR,0.727,0.727,49,False
209,1999,Dell Curry,curryde01,MIL,0.824,0.824,42,False
23,1999,Dennis Rodman,rodmade01,LAL,0.436,0.436,23,False
192,1999,Dennis Scott,scottde01,2TM,0.742,0.742,36,True
1507,1999,Derek Anderson,anderde01,CLE,0.836,0.836,38,False
965,1999,Derek Fisher,fishede01,LAL,0.759,0.759,50,False
157,1999,Derek Harper,harpede01,LAL,0.813,0.813,45,False
400,1999,Derek Strong,stronde01,ORL,0.717,0.717,44,False
934,1999,Derrick Coleman,colemde01,CHH,0.753,0.753,37,False
365,1999,Derrick McKey,mckeyde01,IND,0.824,0.824,13,False
96,1999,Detlef Schrempf,schrede01,SEA,0.823,0.823,50,False
54,1999,Dickey Simpkins,simpkdi01,CHI,0.645,0.645,50,False
87,1999,Dikembe Mutombo,mutomdi01,ATL,0.684,0.684,50,False
1717,1999,Dirk Nowitzki,nowitdi01,DAL,0.773,0.773,47,False
1122,1999,Dominique Wilkins,wilkido01,ORL,0.69,0.69,27,False
931,1999,Don MacLean,macledo01,SEA,0.625,0.625,17,False
690,1999,Don Reid,reiddo01,DET,0.608,0.608,47,False
923,1999,Donyell Marshall,marshdo01,GSW,0.727,0.727,48,False
57,1999,Doug Christie,chrisdo01,TOR,0.841,0.841,50,False
77,1999,Doug Overton,overtdo01,3TM,0.9,0.9,24,True
28,1999,Doug West,westdo01,VAN,0.76,0.76,14,False
1003,1999,Drew Barry,barrydr01,SEA,0.692,0.692,17,False
190,1999,Duane Causwell,causwdu01,MIA,0.333,0.333,19,False
273,1999,Duane Ferrell,ferredu01,GSW,0.75,0.75,8,False
368,1999,Dwayne Schintzius,schindw01,BOS,0.75,0.75,16,False
1863,1999,Earl Boykins,boykiea01,2TM,0.667,0.667,22,True
1516,1999,Ed Gray,grayed01,ATL,0.757,0.757,30,False
698,1999,Eddie Johnson,johnsed03,HOU,,,3,False
224,1999,Eddie Jones,jonesed02,2TM,0.782,0.782,50,True
922,1999,Elden Campbell,campbel01,2TM,0.639,0.639,49,True
695,1999,Eldridge Recasner,recasel01,CHH,0.872,0.872,44,False
386,1999,Elliot Perry,perryel01,2TM,0.714,0.714,35,True
376,1999,Eric Montross,montrer01,DET,0.344,0.344,46,False
785,1999,Eric Murdock,murdoer01,NJN,0.808,0.808,15,False
15,1999,Eric Piatkowski,piatker01,LAC,0.863,0.863,49,False
35,1999,Eric Riley,rileyer01,BOS,0.71,0.71,35,False
727,1999,Eric Snow,snower01,PHI,0.733,0.733,48,False
1540,1999,Eric Washington,washier01,DEN,0.688,0.688,38,False
677,1999,Eric Williams,willier01,DEN,0.799,0.799,38,False
956,1999,Erick Dampier,dampier01,GSW,0.588,0.588,50,False
1065,1999,Erick Strickland,stricer01,DAL,0.815,0.815,33,False
911,1999,Ervin Johnson,johnser02,MIL,0.61,0.61,50,False
1564,1999,Etdrick Bohannon,bohanet01,WAS,,,2,False
1732,1999,Felipe López,lopezfe01,VAN,0.644,0.644,47,False
280,1999,Felton Spencer,spencfe01,GSW,0.462,0.462,26,False
697,1999,Fred Hoiberg,hoibefr01,IND,1.0,1.0,12,False
202,1999,Gary Grant,grantga01,POR,,,2,False
56,1999,Gary Payton,paytoga01,SEA,0.721,0.721,50,False
718,1999,Gary Trent,trentga01,DAL,0.617,0.617,45,False
248,1999,George Lynch,lynchge01,PHI,0.631,0.631,43,False
45,1999,George McCloud,mccloge01,PHO,0.862,0.862,48,False
1871,1999,Gerald Brown,brownge02,PHO,0.786,0.786,33,False
786,1999,Gerald Wilkins,wilkige01,ORL,1.0,1.0,3,False
1562,1999,Gerard King,kingge02,SAS,0.611,0.611,19,False
49,1999,Gheorghe Mureșan,muresgh01,NJN,,,1,False
779,1999,Glen Rice,ricegl01,LAL,0.856,0.856,27,False
299,1999,Glenn Robinson,robingl01,MIL,0.87,0.87,47,False
255,1999,Grant Hill,hillgr01,DET,0.752,0.752,50,False
3,1999,Grant Long,longgr01,ATL,0.783,0.783,50,False
21,1999,Greg Anthony,anthogr01,POR,0.697,0.697,50,False
323,1999,Greg Foster,fostegr01,UTA,0.619,0.619,42,False
65,1999,Greg Minor,minorgr01,BOS,0.75,0.75,44,False
731,1999,Greg Ostertag,ostergr01,UTA,0.62,0.62,48,False
165,1999,Hakeem Olajuwon,olajuha01,HOU,0.717,0.717,50,False
265,1999,Harvey Grant,grantha01,PHI,0.724,0.724,47,False
906,1999,Haywoode Workman,workmha01,MIL,0.787,0.787,29,False
1006,1999,Herb Williams,willihe01,NYK,1.0,1.0,6,False
765,1999,Hersey Hawkins,hawkihe01,SEA,0.902,0.902,50,False
270,1999,Horace Grant,grantho01,ORL,0.671,0.671,50,False
73,1999,Hot Rod Williams,williho01,DAL,0.7,0.7,25,False
458,1999,Howard Eisley,eisleho01,UTA,0.838,0.838,50,False
93,1999,Hubert Davis,davishu01,DAL,0.88,0.88,50,False
1134,1999,Isaac Austin,austiis01,ORL,0.669,0.669,49,False
375,1999,Isaiah Rider,rideris01,POR,0.755,0.755,47,False
1764,1999,J.R. Henderson,hendejr01,VAN,0.556,0.556,30,False
462,1999,J.R. Reid,reidjr01,2TM,0.766,0.766,41,True
1521,1999,Jacque Vaughn,vaughja01,UTA,0.833,0.833,19,False
1751,1999,Jahidi White,whiteja01,WAS,0.429,0.429,20,False
147,1999,Jalen Rose,roseja01,IND,0.791,0.791,49,False
469,1999,Jamal Mashburn,mashbja01,MIA,0.721,0.721,24,False
1526,1999,James Cotton,cottoja02,SEA,0.722,0.722,10,False
381,1999,James Robinson,robinja02,2TM,0.683,0.683,31,True
994,1999,Jamie Feick,feickja01,2TM,0.717,0.717,28,True
320,1999,Jamie Watson,watsoja01,MIA,,,3,False
1114,1999,Jaren Jackson,jacksja01,SAS,0.821,0.821,47,False
679,1999,Jason Caffey,caffeja01,GSW,0.633,0.633,35,False
467,1999,Jason Kidd,kiddja01,PHO,0.757,0.757,50,False
987,1999,Jason Sasser,sasseja01,VAN,0.5,0.5,6,False
1715,1999,Jason Williams,willija02,SAC,0.752,0.752,50,False
420,1999,Jayson Williams,willija01,NJN,0.565,0.565,30,False
204,1999,Jeff Hornacek,hornaje01,UTA,0.893,0.893,48,False
976,1999,Jeff McInnis,mcinnje01,WAS,0.75,0.75,35,False
1852,1999,Jeff Sheppard,sheppje01,ATL,0.615,0.615,18,False
1741,1999,Jelani McCoy,mccoyje01,SEA,0.5,0.5,26,False
1532,1999,Jerald Honeycutt,honeyje01,2TM,0.7,0.7,16,True
979,1999,Jermaine O'Neal,onealje01,POR,0.514,0.514,36,False
1744,1999,Jerome James,jamesje01,SAC,0.5,0.5,16,False
760,1999,Jerome Kersey,kerseje01,SAS,0.429,0.429,45,False
966,1999,Jerome Williams,willije01,DET,0.673,0.673,50,False
711,1999,Jerry Stackhouse,stackje01,DET,0.85,0.85,42,False
754,1999,Jim Jackson,jacksji01,POR,0.842,0.842,49,False
29,1999,Jim McIlvaine,mcilvji01,NJN,0.667,0.667,22,False
1429,1999,Jimmy Oliver,oliveji01,PHO,,,2,False
247,1999,Joe Dumars,dumarjo01,DET,0.836,0.836,38,False
170,1999,Joe Kleine,kleinjo01,PHO,0.667,0.667,31,False
693,1999,Joe Smith,smithjo02,MIN,0.755,0.755,43,False
341,1999,Joe Wolf,wolfjo01,CHH,0.0,0.0,3,False
715,1999,John Coker,cokerjo01,WAS,0.833,0.833,14,False
180,1999,John Crotty,crottjo01,2TM,0.86,0.86,27,True
317,1999,John Starks,starkjo01,GSW,0.74,0.74,50,False
304,1999,John Stockton,stockjo01,UTA,0.811,0.811,50,False
1519,1999,John Thomas,thomajo02,TOR,0.563,0.563,39,False
961,1999,John Wallace,wallajo01,TOR,0.7,0.7,48,False
271,1999,Johnny Newman,newmajo01,CLE,0.81,0.81,50,False
1511,1999,Johnny Taylor,taylojo01,DEN,0.739,0.739,36,False
468,1999,Jon Barry,barryjo01,SAC,0.845,0.845,43,False
1801,1999,Jonathan Kerner,kernejo01,ORL,,,1,False
146,1999,Jud Buechler,buechju01,DET,0.722,0.722,50,False
436,1999,Juwan Howard,howarju01,WAS,0.753,0.753,36,False
252,1999,Karl Malone,malonka01,UTA,0.788,0.788,49,False
173,1999,Keith Askins,askinke01,MIA,0.625,0.625,33,False
1522,1999,Keith Booth,boothke01,CHI,0.5,0.5,39,False
1569,1999,Keith Closs,closske01,LAC,0.8,0.8,15,False
1496,1999,Keith Van Horn,vanhoke01,NJN,0.859,0.859,42,False
1820,1999,Kelly McCarty,mccarke01,DEN,,,2,False
1509,1999,Kelvin Cato,catoke01,POR,0.507,0.507,43,False
383,1999,Kendall Gill,gillke01,NJN,0.683,0.683,50,False
72,1999,Kenny Anderson,anderke01,BOS,0.832,0.832,34,False
1721,1999,Keon Clark,clarkke01,DEN,0.568,0.568,28,False
954,1999,Kerry Kittles,kittlke01,NJN,0.772,0.772,46,False
708,1999,Kevin Garnett,garneke01,MIN,0.704,0.704,47,False
1563,1999,Kevin Ollie,ollieke01,2TM,0.714,0.714,8,True
788,1999,Kevin Willis,willike02,TOR,0.839,0.839,42,False
234,1999,Khalid Reeves,reevekh01,DET,0.571,0.571,11,False
977,1999,Kobe Bryant,bryanko01,LAL,0.839,0.839,50,False
1748,1999,Korleone Young,youngko01,DET,1.0,1.0,3,False
1600,1999,Kornél Dávid,davidko01,CHI,0.811,0.811,50,False
703,1999,Kurt Thomas,thomaku01,NYK,0.611,0.611,50,False
111,1999,LaPhonso Ellis,ellisla01,ATL,0.705,0.705,20,False
441,1999,Lamond Murray,murrala01,LAC,0.803,0.803,50,False
1716,1999,Larry Hughes,hughela01,PHI,0.709,0.709,50,False
913,1999,Larry Johnson,johnsla02,NYK,0.817,0.817,49,False
84,1999,Latrell Sprewell,sprewla01,NYK,0.812,0.812,37,False
1444,1999,Lawrence Funderburke,fundela01,SAC,0.708,0.708,47,False
195,1999,Lee Mayberry,maybele01,VAN,0.8,0.8,9,False
283,1999,Lindsey Hunter,hunteli01,DET,0.753,0.753,49,False
1036,1999,Litterial Green,greenli01,CLE,,,1,False
684,1999,Loren Meyer,meyerlo01,DEN,0.5,0.5,14,False
953,1999,Lorenzen Wright,wrighlo02,LAC,0.692,0.692,48,False
919,1999,Loy Vaught,vaughlo01,DET,0.643,0.643,37,False
26,1999,Luc Longley,longllu01,PHO,0.776,0.776,39,False
446,1999,Lucious Harris,harrilu01,NJN,0.75,0.75,36,False
1626122,1999,Makhtar N'Diaye,ndiayma01,VAN,0.75,0.75,4,False
990,1999,Malik Rose,rosema01,SAS,0.671,0.671,47,False
907,1999,Malik Sealy,sealyma01,MIN,0.902,0.902,31,False
948,1999,Marcus Camby,cambyma01,NYK,0.553,0.553,46,False
712,1999,Mario Bennett,bennema01,CHI,0.75,0.75,3,False
53,1999,Mario Elie,eliema01,SAS,0.866,0.866,47,False
1858,1999,Mark Baker,bakerla01,TOR,,,1,False
95,1999,Mark Bryant,bryanma01,CHI,0.645,0.645,45,False
707,1999,Mark Davis,davisma02,MIA,0.833,0.833,4,False
971,1999,Mark Hendrickson,hendrma01,NJN,0.84,0.84,22,False
349,1999,Mark Jackson,jacksma01,IND,0.823,0.823,49,False
1855,1999,Mark Macon,maconma01,DET,,,7,False
998,1999,Mark Pope,popema01,IND,0.0,0.0,4,False
1110,1999,Mark Strickland,stricma01,MIA,0.731,0.731,32,False
770,1999,Mark West,westma01,ATL,0.356,0.356,49,False
1527,1999,Marko Milič,milicma01,PHO,,,11,False
1831,1999,Marlon Garnett,garnema01,BOS,0.75,0.75,24,False
55,1999,Marty Conlon,conloma01,MIA,1.0,1.0,7,False
672,1999,Matt Bullard,bullama01,HOU,0.7,0.7,41,False
761,1999,Matt Geiger,geigema01,PHI,0.797,0.797,50,False
1723,1999,Matt Harpring,harprma01,ORL,0.713,0.713,50,False
1074,1999,Matt Maloney,malonma01,HOU,0.909,0.909,15,False
1508,1999,Maurice Taylor,tayloma01,LAC,0.728,0.728,46,False
688,1999,Michael Curry,currymi01,MIL,0.797,0.797,50,False
1722,1999,Michael Dickerson,dickemi01,HOU,0.639,0.639,50,False
1720,1999,Michael Doleac,doleami01,ORL,0.675,0.675,49,False
714,1999,Michael Finley,finlemi01,DAL,0.823,0.823,50,False
1138,1999,Michael Hawkins,hawkimi01,SAC,1.0,1.0,24,False
1709,1999,Michael Olowokandi,olowomi01,LAC,0.483,0.483,45,False
63,1999,Michael Smith,smithmi02,VAN,0.594,0.594,48,False
1565,1999,Michael Stewart,stewami01,TOR,0.68,0.68,42,False
52,1999,Micheal Williams,willimi02,TOR,,,2,False
1710,1999,Mike Bibby,bibbymi01,VAN,0.751,0.751,50,False
1630,1999,Mikki Moore,mooremi01,DET,1.0,1.0,2,False
1750,1999,Miles Simon,simonmi01,ORL,,,5,False
782,1999,Mitch Richmond,richmmi01,WAS,0.857,0.857,50,False
348,1999,Mitchell Butler,butlemi02,CLE,0.719,0.719,31,False
42,1999,Monty Williams,willimo01,DEN,0.5,0.5,1,False
983,1999,Moochie Norris,norrimo01,SEA,0.375,0.375,12,False
302,1999,Mookie Blaylock,blaylmo01,ATL,0.758,0.758,48,False
177,1999,Muggsy Bogues,boguemu01,GSW,0.861,0.861,36,False
1737,1999,Nazr Mohammed,mohamna01,PHI,0.571,0.571,26,False
1861,1999,Negele Knight,knighne01,TOR,0.5,0.5,6,False
98,1999,Nick Anderson,anderni01,ORL,0.611,0.611,47,False
89,1999,Nick Van Exel,vanexni01,DEN,0.811,0.811,50,False
178,1999,Olden Polynice,polynol01,SEA,0.309,0.309,48,False
932,1999,Oliver Miller,milleol01,SAC,,,4,False
970,1999,Othella Harrington,harriot01,HOU,0.721,0.721,41,False
901,1999,Otis Thorpe,thorpot01,WAS,0.698,0.698,49,False
136,1999,P.J. Brown,brownpj01,MIA,0.774,0.774,50,False
1727,1999,Pat Garrity,garripa01,PHO,0.714,0.714,39,False
121,1999,Patrick Ewing,ewingpa01,NYK,0.706,0.706,38,False
1514,1999,Paul Grant,grantpa01,2TM,,,6,True
1718,1999,Paul Pierce,piercpa01,BOS,0.713,0.713,48,False
978,1999,Peja Stojaković,stojape01,SAC,0.851,0.851,48,False
432,1999,Pete Chilcutt,chilcpe01,VAN,0.824,0.824,46,False
1824,1999,Peter Aluma,alumape01,SAC,,,2,False
71,1999,Pooh Richardson,richapo01,LAC,1.0,1.0,11,False
461,1999,Popeye Jones,jonespo01,BOS,0.824,0.824,18,False
1711,1999,Raef LaFrentz,lafrera01,DEN,0.75,0.75,12,False
1872,1999,Randell Jackson,jacksra02,WAS,0.656,0.656,27,False
753,1999,Randy Brown,brownra02,CHI,0.757,0.757,39,False
988,1999,Randy Livingston,livinra01,PHO,1.0,1.0,1,False
1740,1999,Rashard Lewis,lewisra02,SEA,0.571,0.571,20,False
739,1999,Rasheed Wallace,wallara01,POR,0.732,0.732,49,False
1725,1999,Rasho Nesterović,nestera01,MIN,1.0,1.0,2,False
951,1999,Ray Allen,allenra02,MIL,0.903,0.903,50,False
674,1999,Reggie Jordan,jordare01,MIN,0.553,0.553,27,False
397,1999,Reggie Miller,millere01,IND,0.915,0.915,50,False
1073,1999,Reggie Slater,slatere01,TOR,0.624,0.624,30,False
364,1999,Rex Chapman,chapmre01,PHO,0.835,0.835,38,False
777,1999,Rex Walters,waltere01,MIA,0.826,0.826,33,False
1594,1999,Rick Brunson,brunsri01,NYK,0.278,0.278,17,False
296,1999,Rick Fox,foxri01,LAL,0.742,0.742,44,False
328,1999,Rick Mahorn,mahorri01,PHI,0.375,0.375,16,False
1729,1999,Ricky Davis,davisri01,CHH,0.763,0.763,46,False
22,1999,Rik Smits,smitsri01,IND,0.818,0.818,49,False
109,1999,Robert Horry,horryro01,LAL,0.739,0.739,38,False
123,1999,Robert Pack,packro01,DAL,0.818,0.818,25,False
1714,1999,Robert Traylor,traylro01,MIL,0.538,0.538,49,False
393,1999,Rod Strickland,stricro02,WAS,0.746,0.746,44,False
915,1999,Rodney Rogers,rogerro01,LAC,0.673,0.673,47,False
1518,1999,Rodrick Rhodes,rhodero01,2TM,0.64,0.64,13,True
166,1999,Ron Harper,harpero01,CHI,0.703,0.703,35,False
1500,1999,Ron Mercer,mercero01,BOS,0.79,0.79,41,False
938,1999,Rony Seikaly,seikaro01,NJN,0.389,0.389,9,False
1728,1999,Roshown McLeod,mcleoro01,ATL,0.822,0.822,34,False
1739,1999,Ruben Patterson,patteru01,LAL,0.71,0.71,24,False
1601,1999,Rusty LaRue,larueru01,CHI,1.0,1.0,43,False
1756,1999,Ryan Stack,stackry01,CLE,0.95,0.95,18,False
208,1999,Sam Cassell,cassesa01,2TM,0.94,0.94,8,True
1734,1999,Sam Jacobson,jacobsa01,LAL,1.0,1.0,2,False
694,1999,Sam Mack,macksa01,2TM,0.879,0.879,44,True
417,1999,Sam Mitchell,mitchsa01,MIN,0.764,0.764,50,False
64,1999,Sam Perkins,perkisa01,IND,0.717,0.717,48,False
955,1999,Samaki Walker,walkesa01,DAL,0.541,0.541,39,False
1513,1999,Scot Pollard,pollasc01,SAC,0.696,0.696,16,False
197,1999,Scott Burrell,burresc01,NJN,0.81,0.81,32,False
281,1999,Scott Williams,willisc01,2TM,0.571,0.571,7,True
937,1999,Scottie Pippen,pippesc01,HOU,0.721,0.721,50,False
251,1999,Sean Elliott,elliose01,SAS,0.757,0.757,50,False
1752,1999,Sean Marks,marksse01,TOR,0.5,0.5,8,False
399,1999,Sean Rooks,rooksse01,LAL,0.708,0.708,36,False
1742,1999,Shammond Williams,willish01,ATL,0.75,0.75,2,False
1000,1999,Shandon Anderson,andersh01,UTA,0.712,0.712,50,False
406,1999,Shaquille O'Neal,onealsh01,LAL,0.54,0.54,49,False
949,1999,Shareef Abdur-Rahim,abdursh01,VAN,0.841,0.841,50,False
762,1999,Shawn Bradley,bradlsh01,DAL,0.748,0.748,49,False
431,1999,Shawn Kemp,kempsh01,CLE,0.789,0.789,42,False
704,1999,Shawn Respert,respesh01,PHO,0.7,0.7,12,False
428,1999,Sherman Douglas,douglsh01,LAC,0.632,0.632,30,False
278,1999,Stacey Augmon,augmost01,POR,0.684,0.684,48,False
914,1999,Stanley Roberts,roberst01,HOU,0.5,0.5,6,False
950,1999,Stephon Marbury,marbust01,2TM,0.799,0.799,49,True
1667,1999,Steve Henson,hensost01,DET,1.0,1.0,4,False
70,1999,Steve Kerr,kerrst01,SAS,0.886,0.886,44,False
959,1999,Steve Nash,nashst01,DAL,0.826,0.826,40,False
120,1999,Steve Smith,smithst01,ATL,0.849,0.849,36,False
1037,1999,Stojko Vranković,vrankst01,LAC,,,2,False
1505,1999,Tariq Abdul-Wahad,abdulta01,SAC,0.691,0.691,49,False
210,1999,Terrell Brandon,brandte01,2TM,0.833,0.833,36,True
187,1999,Terry Cummings,cummite01,GSW,0.711,0.711,50,False
426,1999,Terry Davis,daviste01,WAS,0.737,0.737,37,False
143,1999,Terry Dehere,deherte01,2TM,0.714,0.714,26,True
371,1999,Terry Mills,millste01,MIA,0.5,0.5,1,False
345,1999,Terry Porter,portete01,MIA,0.831,0.831,50,False
689,1999,Theo Ratliff,ratlith01,PHI,0.725,0.725,50,False
1847,1999,Thurl Bailey,baileth01,UTA,0.735,0.735,43,False
1495,1999,Tim Duncan,duncati01,SAS,0.69,0.69,50,False
896,1999,Tim Hardaway,hardati01,MIA,0.812,0.812,48,False
100,1999,Tim Legler,legleti01,WAS,0.5,0.5,30,False
1501,1999,Tim Thomas,thomati01,2TM,0.652,0.652,50,True
1753,1999,Toby Bailey,baileto01,PHO,0.692,0.692,27,False
957,1999,Todd Fuller,fulleto02,UTA,0.6,0.6,42,False
339,1999,Tom Gugliotta,guglito01,PHO,0.794,0.794,43,False
67,1999,Tom Hammonds,hammoto01,MIN,0.64,0.64,49,False
389,1999,Toni Kukoč,kukocto01,CHI,0.74,0.74,44,False
1499,1999,Tony Battie,battito01,BOS,0.672,0.672,50,False
960,1999,Tony Delk,delkto01,GSW,0.648,0.648,36,False
763,1999,Tony Massenburg,masseto01,VAN,0.665,0.665,43,False
1503,1999,Tracy McGrady,mcgratr01,TOR,0.726,0.726,49,False
145,1999,Tracy Murray,murratr01,WAS,0.81,0.81,36,False
696,1999,Travis Best,besttr01,IND,0.843,0.843,49,False
969,1999,Travis Knight,knightr01,LAL,0.759,0.759,37,False
1576,1999,Travis Williams,willitr01,CHH,0.75,0.75,8,False
1868,1999,Trevor Winter,wintetr01,MIN,,,1,False
1607,1999,Troy Hudson,hudsotr01,LAC,0.895,0.895,25,False
895,1999,Tyrone Corbin,corbity01,ATL,0.65,0.65,47,False
238,1999,Tyrone Hill,hillty01,2TM,0.54,0.54,38,True
1838,1999,Tyrone Nesby,nesbyty01,LAC,0.782,0.782,50,False
1731,1999,Tyronn Lue,luety01,LAL,0.571,0.571,15,False
1755,1999,Tyson Wheeler,wheelty01,DEN,0.5,0.5,1,False
137,1999,Vernon Maxwell,maxweve01,SAC,0.737,0.737,46,False
452,1999,Vin Baker,bakervi01,SEA,0.45,0.45,34,False
1713,1999,Vince Carter,cartevi01,TOR,0.761,0.761,50,False
219,1999,Vinny Del Negro,delnevi01,MIL,0.8,0.8,48,False
958,1999,Vitaly Potapenko,potapvi01,2TM,0.587,0.587,50,True
124,1999,Vlade Divac,divacvl01,SAC,0.702,0.702,50,False
1735,1999,Vladimir Stepania,stepavl01,SEA,0.525,0.525,23,False
702,1999,Voshon Lenard,lenarvo01,MIA,0.727,0.727,12,False
1005,1999,Walt Williams,williwa02,POR,0.832,0.832,48,False
962,1999,Walter McCarty,mccarwa01,BOS,0.702,0.702,32,False
445,1999,Wesley Person,persowe01,CLE,0.604,0.604,45,False
781,1999,Will Perdue,perduwi01,SAS,0.538,0.538,37,False
1061,1999,William Cunningham,cunniwi01,2TM,0.0,0.0,16,True
416,1999,Willie Burton,burtowi01,CHH,0.5,0.5,3,False
980,1999,Zydrunas Ilgauskas,ilgauzy01,CLE,0.6,0.6,5,False
920,2000,A.C. Green,greenac01,LAL,0.695,0.695,82,False
1920,2000,A.J. Bramlett,bramlaj01,CLE,,,8,False
243,2000,Aaron McKie,mckieaa01,PHI,0.829,0.829,82,False
1425,2000,Aaron Williams,williaa01,WAS,0.726,0.726,81,False
228,2000,Adam Keefe,keefead01,UTA,0.806,0.806,62,False
1502,2000,Adonal Foyle,foylead01,GSW,0.378,0.378,76,False
1559,2000,Adrian Griffin,griffad01,BOS,0.753,0.753,72,False
1733,2000,Al Harrington,harrial01,IND,0.703,0.703,50,False
673,2000,Alan Henderson,hendeal01,ATL,0.671,0.671,82,False
1893,2000,Aleksandar Radojević,radojal01,TOR,0.5,0.5,3,False
275,2000,Allan Houston,houstal01,NYK,0.838,0.838,82,False
947,2000,Allen Iverson,iversal01,PHI,0.713,0.713,70,False
297,2000,Alonzo Mourning,mournal01,MIA,0.711,0.711,79,False
1541,2000,Alvin Williams,willial02,TOR,0.738,0.738,55,False
1754,2000,Andrae Patterson,pattean01,MIN,,,5,False
1889,2000,Andre Miller,millean02,CLE,0.774,0.774,82,False
692,2000,Andrew DeClercq,declean01,CLE,0.588,0.588,82,False
457,2000,Andrew Lang,langan01,NYK,0.429,0.429,19,False
358,2000,Anfernee Hardaway,hardaan01,PHO,0.79,0.79,60,False
1712,2000,Antawn Jamison,jamisan01,GSW,0.611,0.611,43,False
138,2000,Anthony Avent,aventan01,LAC,0.719,0.719,49,False
1853,2000,Anthony Carter,cartean01,MIA,0.75,0.75,79,False
1533,2000,Anthony Johnson,johnsan02,2TM,0.718,0.718,56,True
193,2000,Anthony Mason,masonan01,CHH,0.746,0.746,82,False
292,2000,Anthony Miller,millean01,HOU,0.51,0.51,35,False
1515,2000,Anthony Parker,parkean01,ORL,0.727,0.727,16,False
324,2000,Anthony Peeler,peelean01,MIN,0.798,0.798,82,False
156,2000,Antoine Carr,carran01,VAN,0.786,0.786,21,False
952,2000,Antoine Walker,walkean02,BOS,0.699,0.699,82,False
1498,2000,Antonio Daniels,daniean01,SAS,0.713,0.713,68,False
213,2000,Antonio Davis,davisan01,TOR,0.765,0.765,79,False
176,2000,Antonio Harvey,harvean01,POR,0.583,0.583,19,False
226,2000,Antonio Lang,langan02,2TM,0.8,0.8,10,True
686,2000,Antonio McDyess,mcdyean01,DEN,0.626,0.626,81,False
288,2000,Armen Gilliam,gilliar01,UTA,0.779,0.779,50,False
717,2000,Arvydas Sabonis,sabonar01,POR,0.843,0.843,66,False
1506,2000,Austin Croshere,croshau01,IND,0.848,0.848,81,False
422,2000,Avery Johnson,johnsav01,SAS,0.735,0.735,82,False
769,2000,B.J. Armstrong,armstbj01,CHI,0.88,0.88,27,False
1884,2000,Baron Davis,davisba01,CHH,0.634,0.634,82,False
989,2000,Ben Davis,davisbe01,PHO,,,5,False
1112,2000,Ben Wallace,wallabe01,ORL,0.474,0.474,81,False
104,2000,Benoit Benjamin,benjabe01,CLE,,,3,False
223,2000,Bill Curley,curlebi01,2TM,0.72,0.72,28,True
82,2000,Bill Wennington,wennibi01,SAC,1.0,1.0,7,False
182,2000,Billy Owens,owensbi01,2TM,0.594,0.594,62,True
902,2000,Bimbo Coles,colesbi01,ATL,0.817,0.817,80,False
448,2000,Bo Outlaw,outlabo01,ORL,0.506,0.506,82,False
682,2000,Bob Sura,surabo01,CLE,0.697,0.697,73,False
1517,2000,Bobby Jackson,jacksbo01,MIN,0.776,0.776,73,False
184,2000,Bobby Phills,phillbo01,CHH,0.723,0.723,28,False
1719,2000,Bonzi Wells,wellsbo01,POR,0.682,0.682,66,False
1802,2000,Brad Miller,millebr01,CHH,0.785,0.785,55,False
699,2000,Brent Barry,barrybr01,SEA,0.809,0.809,80,False
85,2000,Brent Price,pricebr01,VAN,0.872,0.872,41,False
1510,2000,Brevin Knight,knighbr01,CLE,0.761,0.761,65,False
258,2000,Brian Grant,grantbr01,POR,0.675,0.675,63,False
216,2000,Brian Shaw,shawbr01,LAL,0.759,0.759,74,False
1730,2000,Brian Skinner,skinnbr01,LAC,0.662,0.662,33,False
1477,2000,Bruce Bowen,bowenbr01,2TM,0.581,0.581,69,True
1743,2000,Bruno Šundov,sundobr01,DAL,1.0,1.0,14,False
735,2000,Bryant Reeves,reevebr01,VAN,0.648,0.648,69,False
179,2000,Bryant Stith,stithbr01,DEN,0.831,0.831,45,False
1724,2000,Bryce Drew,drewbr01,HOU,0.849,0.849,72,False
935,2000,Bryon Russell,russebr01,UTA,0.75,0.75,82,False
1898,2000,Cal Bowdler,bowdlca01,ATL,0.632,0.632,46,False
384,2000,Calbert Cheaney,cheanca01,BOS,0.429,0.429,67,False
1916,2000,Calvin Booth,boothca01,WAS,0.714,0.714,11,False
435,2000,Carlos Rogers,rogerca01,HOU,0.591,0.591,53,False
76,2000,Cedric Ceballos,cebalce01,DAL,0.843,0.843,69,False
1538,2000,Cedric Henderson,hendece02,CLE,0.663,0.663,61,False
787,2000,Charles Barkley,barklch01,HOU,0.645,0.645,20,False
1869,2000,Charles Jones,jonesch03,LAC,0.739,0.739,56,False
891,2000,Charles Oakley,oaklech01,TOR,0.776,0.776,80,False
369,2000,Charlie Ward,wardch01,NYK,0.828,0.828,72,False
1497,2000,Chauncey Billups,billuch01,DEN,0.841,0.841,13,False
685,2000,Cherokee Parks,parksch02,VAN,0.649,0.649,56,False
1512,2000,Chris Anstey,anstech01,CHI,0.789,0.789,73,False
713,2000,Chris Carr,carrch01,2TM,0.856,0.856,57,True
164,2000,Chris Childs,childch01,NYK,0.797,0.797,71,False
1544,2000,Chris Crawford,crawfch01,ATL,0.778,0.778,55,False
201,2000,Chris Dudley,dudlech02,NYK,0.333,0.333,47,False
423,2000,Chris Gatling,gatlich01,2TM,0.713,0.713,85,True
1914,2000,Chris Herren,herrech01,DEN,0.675,0.675,45,False
168,2000,Chris Mills,millsch01,GSW,0.81,0.81,20,False
904,2000,Chris Mullin,mullich01,IND,0.902,0.902,47,False
185,2000,Chris Webber,webbech01,SAC,0.751,0.751,75,False
43,2000,Chris Whitney,whitnch01,WAS,0.848,0.848,82,False
363,2000,Christian Laettner,laettch01,DET,0.812,0.812,82,False
456,2000,Chuck Person,persoch01,SEA,0.5,0.5,37,False
1088,2000,Chucky Atkins,atkinch01,ORL,0.729,0.729,82,False
359,2000,Chucky Brown,brownch01,2TM,0.692,0.692,63,True
221,2000,Clarence Weatherspoon,weathcl01,MIA,0.738,0.738,78,False
361,2000,Clifford Robinson,robincl02,PHO,0.782,0.782,80,False
1736,2000,Corey Benjamin,benjaco01,CHI,0.598,0.598,48,False
1894,2000,Corey Maggette,maggeco01,ORL,0.751,0.751,77,False
916,2000,Corie Blount,blounco01,PHO,0.576,0.576,38,False
722,2000,Corliss Williamson,willico02,SAC,0.769,0.769,76,False
724,2000,Cory Alexander,alexaco01,DEN,0.773,0.773,29,False
1749,2000,Cuttino Mobley,moblecu01,HOU,0.847,0.847,81,False
905,2000,Dale Davis,davisda01,IND,0.685,0.685,74,False
107,2000,Dale Ellis,ellisda01,2TM,0.692,0.692,42,True
1800,2000,Damon Jones,jonesda01,2TM,0.667,0.667,55,True
757,2000,Damon Stoudamire,stoudda01,POR,0.841,0.841,78,False
105,2000,Dan Majerle,majerda01,MIA,0.812,0.812,69,False
344,2000,Dana Barros,barroda01,BOS,0.868,0.868,72,False
198,2000,Danny Ferry,ferryda01,CLE,0.912,0.912,63,False
1504,2000,Danny Fortson,fortsda01,BOS,0.735,0.735,55,False
330,2000,Danny Manning,mannida01,MIL,0.654,0.654,72,False
353,2000,Darrell Armstrong,armstda01,ORL,0.911,0.911,82,False
239,2000,Darrick Martin,martida01,SAC,0.824,0.824,71,False
1032,2000,Darvin Ham,hamda01,MIL,0.449,0.449,35,False
764,2000,David Robinson,robinda01,SAS,0.726,0.726,80,False
133,2000,David Wesley,wesleda01,CHH,0.778,0.778,82,False
766,2000,David Wingate,wingada01,NYK,,,7,False
1746,2000,DeMarco Johnson,johnsde02,NYK,,,5,False
1051,2000,Dean Garrett,garrede01,MIN,0.692,0.692,56,False
2000,2000,Dedric Willoughby,willode01,CHI,0.765,0.765,25,False
244,2000,Dee Brown,brownde01,TOR,0.688,0.688,38,False
209,2000,Dell Curry,curryde01,TOR,0.75,0.75,67,False
23,2000,Dennis Rodman,rodmade01,DAL,0.714,0.714,12,False
192,2000,Dennis Scott,scottde01,VAN,0.842,0.842,66,False
1507,2000,Derek Anderson,anderde01,LAC,0.877,0.877,64,False
965,2000,Derek Fisher,fishede01,LAL,0.724,0.724,78,False
1967,2000,Derek Hood,hoodde01,CHH,,,2,False
400,2000,Derek Strong,stronde01,ORL,0.786,0.786,20,False
934,2000,Derrick Coleman,colemde01,CHH,0.785,0.785,74,False
1760,2000,Derrick Dial,dialde01,SAS,0.6,0.6,8,False
365,2000,Derrick McKey,mckeyde01,IND,0.768,0.768,32,False
96,2000,Detlef Schrempf,schrede01,POR,0.833,0.833,77,False
1904,2000,Devean George,georgde01,LAL,0.659,0.659,49,False
1070,2000,Devin Gray,grayde01,HOU,0.655,0.655,21,False
54,2000,Dickey Simpkins,simpkdi01,CHI,0.542,0.542,69,False
87,2000,Dikembe Mutombo,mutomdi01,ATL,0.708,0.708,82,False
1901,2000,Dion Glover,glovedi01,ATL,0.729,0.729,30,False
1717,2000,Dirk Nowitzki,nowitdi01,DAL,0.83,0.83,82,False
931,2000,Don MacLean,macledo01,PHO,0.667,0.667,16,False
690,2000,Don Reid,reiddo01,2TM,0.706,0.706,38,True
681,2000,Donny Marshall,marshdo02,CLE,0.833,0.833,6,False
923,2000,Donyell Marshall,marshdo01,GSW,0.78,0.78,64,False
57,2000,Doug Christie,chrisdo01,TOR,0.843,0.843,73,False
77,2000,Doug Overton,overtdo01,BOS,0.952,0.952,48,False
28,2000,Doug West,westdo01,VAN,0.85,0.85,38,False
1003,2000,Drew Barry,barrydr01,2TM,0.8,0.8,16,True
190,2000,Duane Causwell,causwdu01,MIA,0.684,0.684,25,False
1863,2000,Earl Boykins,boykiea01,2TM,0.783,0.783,26,True
224,2000,Eddie Jones,jonesed02,CHH,0.864,0.864,72,False
1944,2000,Eddie Robinson,robined01,CHH,0.734,0.734,67,False
922,2000,Elden Campbell,campbel01,CHH,0.69,0.69,78,False
695,2000,Eldridge Recasner,recasel01,CHH,,,7,False
386,2000,Elliot Perry,perryel01,NJN,0.806,0.806,60,False
1882,2000,Elton Brand,brandel01,CHI,0.685,0.685,81,False
1023,2000,Emanual Davis,davisem01,SEA,0.684,0.684,54,False
376,2000,Eric Montross,montrer01,DET,0.5,0.5,51,False
785,2000,Eric Murdock,murdoer01,LAC,0.638,0.638,40,False
15,2000,Eric Piatkowski,piatker01,LAC,0.85,0.85,75,False
727,2000,Eric Snow,snower01,PHI,0.712,0.712,82,False
677,2000,Eric Williams,willier01,BOS,0.793,0.793,68,False
956,2000,Erick Dampier,dampier01,GSW,0.529,0.529,21,False
1065,2000,Erick Strickland,stricer01,DAL,0.831,0.831,68,False
911,2000,Ervin Johnson,johnser02,MIL,0.605,0.605,80,False
1564,2000,Etdrick Bohannon,bohanet01,2TM,0.625,0.625,13,True
1915,2000,Evan Eschmeyer,eschmev01,NJN,0.5,0.5,31,False
1732,2000,Felipe López,lopezfe01,VAN,0.615,0.615,65,False
280,2000,Felton Spencer,spencfe01,SAS,0.667,0.667,26,False
697,2000,Fred Hoiberg,hoibefr01,CHI,0.908,0.908,31,False
1844,2000,Fred Vinson,vinsofr01,SEA,0.5,0.5,8,False
202,2000,Gary Grant,grantga01,POR,,,3,False
56,2000,Gary Payton,paytoga01,SEA,0.735,0.735,82,False
718,2000,Gary Trent,trentga01,DAL,0.524,0.524,11,False
248,2000,George Lynch,lynchge01,PHI,0.617,0.617,75,False
45,2000,George McCloud,mccloge01,DEN,0.818,0.818,78,False
1562,2000,Gerard King,kingge02,WAS,0.742,0.742,62,False
49,2000,Gheorghe Mureșan,muresgh01,NJN,0.605,0.605,30,False
779,2000,Glen Rice,ricegl01,LAL,0.874,0.874,80,False
299,2000,Glenn Robinson,robingl01,MIL,0.802,0.802,81,False
255,2000,Grant Hill,hillgr01,DET,0.795,0.795,74,False
3,2000,Grant Long,longgr01,VAN,0.775,0.775,42,False
21,2000,Greg Anthony,anthogr01,POR,0.772,0.772,82,False
1761,2000,Greg Buckner,buckngr01,DAL,0.683,0.683,48,False
323,2000,Greg Foster,fostegr01,SEA,0.643,0.643,60,False
731,2000,Greg Ostertag,ostergr01,UTA,0.636,0.636,81,False
165,2000,Hakeem Olajuwon,olajuha01,HOU,0.616,0.616,44,False
1942,2000,Harold Jamison,jamisha01,MIA,0.222,0.222,12,False
906,2000,Haywoode Workman,workmha01,2TM,0.667,0.667,36,True
765,2000,Hersey Hawkins,hawkihe01,CHI,0.899,0.899,61,False
270,2000,Horace Grant,grantho01,SEA,0.721,0.721,76,False
458,2000,Howard Eisley,eisleho01,UTA,0.824,0.824,82,False
93,2000,Hubert Davis,davishu01,DAL,0.87,0.87,79,False
1085,2000,Ira Bowman,bowmair01,PHI,0.5,0.5,11,False
1134,2000,Isaac Austin,austiis01,WAS,0.686,0.686,59,False
375,2000,Isaiah Rider,rideris01,ATL,0.785,0.785,60,False
462,2000,J.R. Reid,reidjr01,MIL,0.768,0.768,34,False
1521,2000,Jacque Vaughn,vaughja01,UTA,0.75,0.75,78,False
1751,2000,Jahidi White,whiteja01,WAS,0.536,0.536,80,False
147,2000,Jalen Rose,roseja01,IND,0.827,0.827,80,False
469,2000,Jamal Mashburn,mashbja01,MIA,0.778,0.778,76,False
1975,2000,Jamel Thomas,thomaja01,2TM,1.0,1.0,7,True
1899,2000,James Posey,poseyja01,DEN,0.8,0.8,81,False
994,2000,Jamie Feick,feickja01,NJN,0.707,0.707,81,False
1114,2000,Jaren Jackson,jacksja01,SAS,0.647,0.647,81,False
679,2000,Jason Caffey,caffeja01,GSW,0.597,0.597,71,False
467,2000,Jason Kidd,kiddja01,PHO,0.829,0.829,67,False
1954,2000,Jason Miskiri,miskija01,CHH,,,1,False
1891,2000,Jason Terry,terryja01,ATL,0.807,0.807,81,False
1715,2000,Jason Williams,willija02,SAC,0.753,0.753,81,False
1902,2000,Jeff Foster,fosteje01,IND,0.68,0.68,19,False
204,2000,Jeff Hornacek,hornaje01,UTA,0.95,0.95,77,False
976,2000,Jeff McInnis,mcinnje01,LAC,0.765,0.765,25,False
1741,2000,Jelani McCoy,mccoyje01,SEA,0.495,0.495,58,False
1983,2000,Jermaine Jackson,jacksje01,DET,0.625,0.625,7,False
979,2000,Jermaine O'Neal,onealje01,POR,0.582,0.582,70,False
760,2000,Jerome Kersey,kerseje01,SAS,0.707,0.707,72,False
966,2000,Jerome Williams,willije01,DET,0.616,0.616,82,False
711,2000,Jerry Stackhouse,stackje01,DET,0.815,0.815,82,False
754,2000,Jim Jackson,jacksji01,ATL,0.877,0.877,79,False
29,2000,Jim McIlvaine,mcilvji01,NJN,0.518,0.518,66,False
170,2000,Joe Kleine,kleinjo01,POR,1.0,1.0,7,False
693,2000,Joe Smith,smithjo02,MIN,0.756,0.756,78,False
1086,2000,Joe Stephens,stephjo01,VAN,0.75,0.75,13,False
680,2000,John Amaechi,amaecjo01,ORL,0.766,0.766,80,False
1911,2000,John Celestand,celesjo01,LAL,0.833,0.833,16,False
180,2000,John Crotty,crottjo01,DET,0.86,0.86,69,False
927,2000,John Salley,sallejo01,LAL,0.75,0.75,45,False
317,2000,John Starks,starkjo01,2TM,0.847,0.847,37,True
304,2000,John Stockton,stockjo01,UTA,0.86,0.86,82,False
1519,2000,John Thomas,thomajo02,TOR,0.39,0.39,55,False
961,2000,John Wallace,wallajo01,NYK,0.804,0.804,60,False
271,2000,Johnny Newman,newmajo01,NJN,0.838,0.838,82,False
1511,2000,Johnny Taylor,taylojo01,2TM,,,6,True
468,2000,Jon Barry,barryjo01,SAC,0.922,0.922,62,False
1886,2000,Jonathan Bender,bendejo01,IND,0.667,0.667,24,False
146,2000,Jud Buechler,buechju01,DET,0.286,0.286,58,False
1908,2000,Jumaine Jones,jonesju01,PHI,0.611,0.611,33,False
436,2000,Juwan Howard,howarju01,WAS,0.735,0.735,82,False
252,2000,Karl Malone,malonka01,UTA,0.797,0.797,82,False
1569,2000,Keith Closs,closske01,LAC,0.59,0.59,57,False
1496,2000,Keith Van Horn,vanhoke01,NJN,0.847,0.847,80,False
1509,2000,Kelvin Cato,catoke01,HOU,0.649,0.649,65,False
383,2000,Kendall Gill,gillke01,NJN,0.71,0.71,76,False
72,2000,Kenny Anderson,anderke01,BOS,0.775,0.775,82,False
1903,2000,Kenny Thomas,thomake01,HOU,0.66,0.66,72,False
1721,2000,Keon Clark,clarkke01,DEN,0.688,0.688,81,False
954,2000,Kerry Kittles,kittlke01,NJN,0.795,0.795,62,False
708,2000,Kevin Garnett,garneke01,MIN,0.765,0.765,81,False
134,2000,Kevin Johnson,johnske02,PHO,1.0,1.0,6,False
1563,2000,Kevin Ollie,ollieke01,PHI,0.757,0.757,40,False
788,2000,Kevin Willis,willike02,TOR,0.799,0.799,79,False
234,2000,Khalid Reeves,reevekh01,CHI,1.0,1.0,3,False
1619,2000,Kiwane Lemorris Garris,garriki01,ORL,,,3,False
977,2000,Kobe Bryant,bryanko01,LAL,0.821,0.821,66,False
1600,2000,Kornél Dávid,davidko01,2TM,0.804,0.804,32,True
703,2000,Kurt Thomas,thomaku01,NYK,0.781,0.781,80,False
111,2000,LaPhonso Ellis,ellisla01,ATL,0.695,0.695,58,False
1885,2000,Lamar Odom,odomla01,LAC,0.719,0.719,76,False
441,2000,Lamond Murray,murrala01,CLE,0.761,0.761,74,False
1930,2000,Lari Ketner,ketnela01,2TM,0.667,0.667,22,True
1919,2000,Laron Profit,profila01,WAS,0.4,0.4,33,False
1716,2000,Larry Hughes,hughela01,2TM,0.74,0.74,82,True
913,2000,Larry Johnson,johnsla02,NYK,0.766,0.766,70,False
84,2000,Latrell Sprewell,sprewla01,NYK,0.866,0.866,82,False
1444,2000,Lawrence Funderburke,fundela01,SAC,0.706,0.706,75,False
1953,2000,Lazaro Borrell,borrela01,SEA,0.545,0.545,17,False
283,2000,Lindsey Hunter,hunteli01,DET,0.76,0.76,82,False
953,2000,Lorenzen Wright,wrighlo02,ATL,0.644,0.644,75,False
31,2000,Lorenzo Williams,willilo01,WAS,,,8,False
919,2000,Loy Vaught,vaughlo01,DET,0.688,0.688,43,False
26,2000,Luc Longley,longllu01,PHO,0.825,0.825,72,False
446,2000,Lucious Harris,harrilu01,NJN,0.798,0.798,77,False
990,2000,Malik Rose,rosema01,SAS,0.722,0.722,74,False
907,2000,Malik Sealy,sealyma01,MIN,0.812,0.812,82,False
992,2000,Marcus Brown,brownma01,DET,1.0,1.0,6,False
948,2000,Marcus Camby,cambyma01,NYK,0.67,0.67,59,False
712,2000,Mario Bennett,bennema01,LAC,,,1,False
53,2000,Mario Elie,eliema01,SAS,0.846,0.846,79,False
95,2000,Mark Bryant,bryanma01,CLE,0.809,0.809,75,False
707,2000,Mark Davis,davisma02,GSW,0.66,0.66,23,False
971,2000,Mark Hendrickson,hendrma01,2TM,0.75,0.75,15,True
349,2000,Mark Jackson,jacksma01,IND,0.806,0.806,81,False
1110,2000,Mark Strickland,stricma01,MIA,0.714,0.714,58,False
770,2000,Mark West,westma01,PHO,0.625,0.625,22,False
55,2000,Marty Conlon,conloma01,LAC,,,3,False
672,2000,Matt Bullard,bullama01,HOU,0.833,0.833,56,False
761,2000,Matt Geiger,geigema01,PHI,0.779,0.779,65,False
1723,2000,Matt Harpring,harprma01,ORL,0.857,0.857,4,False
1074,2000,Matt Maloney,malonma01,CHI,0.822,0.822,51,False
1508,2000,Maurice Taylor,tayloma01,LAC,0.711,0.711,62,False
1897,2000,Metta World Peace,artesro01,CHI,0.674,0.674,72,False
262,2000,Michael Cage,cagemi01,NJN,1.0,1.0,20,False
688,2000,Michael Curry,currymi01,DET,0.839,0.839,82,False
1722,2000,Michael Dickerson,dickemi01,VAN,0.83,0.83,82,False
1720,2000,Michael Doleac,doleami01,ORL,0.842,0.842,81,False
714,2000,Michael Finley,finlemi01,DAL,0.82,0.82,82,False
1138,2000,Michael Hawkins,hawkimi01,CHH,0.5,0.5,12,False
1709,2000,Michael Olowokandi,olowomi01,LAC,0.651,0.651,80,False
1913,2000,Michael Ruffin,ruffimi01,CHI,0.489,0.489,71,False
63,2000,Michael Smith,smithmi02,WAS,0.723,0.723,46,False
1565,2000,Michael Stewart,stewami01,TOR,0.563,0.563,42,False
1710,2000,Mike Bibby,bibbymi01,VAN,0.78,0.78,82,False
1630,2000,Mikki Moore,mooremi01,DET,0.794,0.794,29,False
1960,2000,Milt Palacio,palacmi01,VAN,0.595,0.595,53,False
1726,2000,Mirsad Türkcan,turkcmi01,2TM,0.625,0.625,17,True
782,2000,Mitch Richmond,richmmi01,WAS,0.876,0.876,74,False
42,2000,Monty Williams,willimo01,ORL,0.741,0.741,75,False
983,2000,Moochie Norris,norrimo01,HOU,0.781,0.781,30,False
302,2000,Mookie Blaylock,blaylmo01,GSW,0.705,0.705,73,False
177,2000,Muggsy Bogues,boguemu01,TOR,0.908,0.908,80,False
1737,2000,Nazr Mohammed,mohamna01,PHI,0.545,0.545,28,False
98,2000,Nick Anderson,anderni01,SAC,0.487,0.487,72,False
89,2000,Nick Van Exel,vanexni01,DEN,0.817,0.817,79,False
1918,2000,Obinna Ekezie,ekeziob01,VAN,0.672,0.672,39,False
178,2000,Olden Polynice,polynol01,UTA,0.311,0.311,82,False
932,2000,Oliver Miller,milleol01,PHO,0.671,0.671,51,False
970,2000,Othella Harrington,harriot01,VAN,0.792,0.792,82,False
901,2000,Otis Thorpe,thorpot01,MIA,0.604,0.604,51,False
136,2000,P.J. Brown,brownpj01,MIA,0.755,0.755,80,False
1727,2000,Pat Garrity,garripa01,ORL,0.721,0.721,82,False
121,2000,Patrick Ewing,ewingpa01,NYK,0.731,0.731,62,False
1718,2000,Paul Pierce,piercpa01,BOS,0.798,0.798,73,False
978,2000,Peja Stojaković,stojape01,SAC,0.882,0.882,74,False
442,2000,Pervis Ellison,ellispe01,BOS,0.714,0.714,30,False
432,2000,Pete Chilcutt,chilcpe01,3TM,1.0,1.0,56,True
461,2000,Popeye Jones,jonespo01,DEN,0.737,0.737,40,False
1900,2000,Quincy Lewis,lewisqu01,UTA,0.731,0.731,74,False
1711,2000,Raef LaFrentz,lafrera01,DEN,0.686,0.686,81,False
1747,2000,Rafer Alston,alstora01,MIL,0.75,0.75,27,False
1872,2000,Randell Jackson,jacksra02,DAL,,,1,False
753,2000,Randy Brown,brownra02,CHI,0.738,0.738,59,False
988,2000,Randy Livingston,livinra01,PHO,0.839,0.839,79,False
1740,2000,Rashard Lewis,lewisra02,SEA,0.683,0.683,82,False
739,2000,Rasheed Wallace,wallara01,POR,0.704,0.704,81,False
1725,2000,Rasho Nesterović,nestera01,MIN,0.573,0.573,82,False
951,2000,Ray Allen,allenra02,MIL,0.887,0.887,82,False
674,2000,Reggie Jordan,jordare01,WAS,0.538,0.538,36,False
397,2000,Reggie Miller,millere01,IND,0.919,0.919,81,False
364,2000,Rex Chapman,chapmre01,PHO,0.756,0.756,53,False
777,2000,Rex Walters,waltere01,MIA,0.75,0.75,33,False
1888,2000,Richard Hamilton,hamilri01,WAS,0.774,0.774,71,False
1594,2000,Rick Brunson,brunsri01,NYK,0.611,0.611,37,False
296,2000,Rick Fox,foxri01,LAL,0.808,0.808,82,False
1965,2000,Rick Hughes,hugheri02,DAL,0.462,0.462,21,False
1729,2000,Ricky Davis,davisri01,CHH,0.765,0.765,48,False
22,2000,Rik Smits,smitsri01,IND,0.739,0.739,79,False
109,2000,Robert Horry,horryro01,LAL,0.788,0.788,76,False
123,2000,Robert Pack,packro01,DAL,0.808,0.808,29,False
1714,2000,Robert Traylor,traylro01,MIL,0.603,0.603,44,False
393,2000,Rod Strickland,stricro02,WAS,0.702,0.702,69,False
1934,2000,Rodney Buford,buforro01,MIA,0.727,0.727,34,False
915,2000,Rodney Rogers,rogerro01,PHO,0.639,0.639,82,False
1518,2000,Rodrick Rhodes,rhodero01,DAL,,,1,False
166,2000,Ron Harper,harpero01,LAL,0.68,0.68,80,False
1500,2000,Ron Mercer,mercero01,2TM,0.789,0.789,68,True
1728,2000,Roshown McLeod,mcleoro01,ATL,0.771,0.771,44,False
964,2000,Roy Rogers,rogerro02,DEN,0.463,0.463,40,False
1739,2000,Ruben Patterson,patteru01,SEA,0.692,0.692,81,False
1601,2000,Rusty LaRue,larueru01,CHI,0.714,0.714,4,False
1763,2000,Ryan Bowen,bowenry01,DEN,0.717,0.717,52,False
1926,2000,Ryan Robertson,roberry01,SAC,1.0,1.0,1,False
1756,2000,Ryan Stack,stackry01,CLE,0.667,0.667,25,False
208,2000,Sam Cassell,cassesa01,MIL,0.876,0.876,81,False
1734,2000,Sam Jacobson,jacobsa01,2TM,0.732,0.732,52,True
694,2000,Sam Mack,macksa01,GSW,0.95,0.95,23,False
417,2000,Sam Mitchell,mitchsa01,MIN,0.88,0.88,66,False
64,2000,Sam Perkins,perkisa01,IND,0.825,0.825,81,False
955,2000,Samaki Walker,walkesa01,SAS,0.683,0.683,71,False
1513,2000,Scot Pollard,pollasc01,SAC,0.717,0.717,76,False
197,2000,Scott Burrell,burresc01,NJN,0.78,0.78,74,False
1909,2000,Scott Padgett,padgesc01,UTA,0.704,0.704,47,False
281,2000,Scott Williams,willisc01,MIL,0.729,0.729,68,False
937,2000,Scottie Pippen,pippesc01,POR,0.717,0.717,82,False
251,2000,Sean Elliott,elliose01,SAS,0.781,0.781,19,False
1752,2000,Sean Marks,marksse01,TOR,1.0,1.0,5,False
399,2000,Sean Rooks,rooksse01,DAL,0.73,0.73,71,False
1742,2000,Shammond Williams,willish01,SEA,0.647,0.647,43,False
1000,2000,Shandon Anderson,andersh01,HOU,0.767,0.767,82,False
406,2000,Shaquille O'Neal,onealsh01,LAL,0.524,0.524,79,False
949,2000,Shareef Abdur-Rahim,abdursh01,VAN,0.809,0.809,82,False
762,2000,Shawn Bradley,bradlsh01,DAL,0.765,0.765,77,False
431,2000,Shawn Kemp,kempsh01,CLE,0.776,0.776,82,False
1890,2000,Shawn Marion,mariosh01,PHO,0.847,0.847,51,False
428,2000,Sherman Douglas,douglsh01,NJN,0.893,0.893,20,False
278,2000,Stacey Augmon,augmost01,POR,0.673,0.673,59,False
914,2000,Stanley Roberts,roberst01,PHI,0.0,0.0,5,False
950,2000,Stephon Marbury,marbust01,NJN,0.813,0.813,74,False
1883,2000,Steve Francis,francst01,HOU,0.786,0.786,77,False
70,2000,Steve Kerr,kerrst01,SAS,0.818,0.818,32,False
959,2000,Steve Nash,nashst01,DAL,0.882,0.882,56,False
120,2000,Steve Smith,smithst01,POR,0.85,0.85,82,False
1505,2000,Tariq Abdul-Wahad,abdulta01,2TM,0.756,0.756,61,True
210,2000,Terrell Brandon,brandte01,MIN,0.899,0.899,71,False
187,2000,Terry Cummings,cummite01,GSW,0.821,0.821,22,False
371,2000,Terry Mills,millste01,DET,0.735,0.735,82,False
345,2000,Terry Porter,portete01,SAS,0.806,0.806,68,False
689,2000,Theo Ratliff,ratlith01,PHI,0.771,0.771,57,False
676,2000,Thomas Hamilton,hamilth01,HOU,0.522,0.522,22,False
1495,2000,Tim Duncan,duncati01,SAS,0.761,0.761,74,False
896,2000,Tim Hardaway,hardati01,MIA,0.827,0.827,52,False
1906,2000,Tim James,jamesti01,MIA,0.333,0.333,4,False
100,2000,Tim Legler,legleti01,GSW,0.778,0.778,23,False
1501,2000,Tim Thomas,thomati01,MIL,0.774,0.774,80,False
1937,2000,Tim Young,youngti01,GSW,0.778,0.778,25,False
1753,2000,Toby Bailey,baileto01,PHO,0.692,0.692,46,False
103,2000,Todd Day,dayto01,PHO,0.667,0.667,58,False
957,2000,Todd Fuller,fulleto02,CHH,0.604,0.604,41,False
1928,2000,Todd MacCulloch,maccuto01,PHI,0.519,0.519,56,False
339,2000,Tom Gugliotta,guglito01,PHO,0.775,0.775,54,False
67,2000,Tom Hammonds,hammoto01,MIN,0.589,0.589,56,False
389,2000,Toni Kukoč,kukocto01,2TM,0.725,0.725,56,True
1499,2000,Tony Battie,battito01,BOS,0.675,0.675,82,False
960,2000,Tony Delk,delkto01,SAC,0.797,0.797,46,False
1108,2000,Tony Farmer,farmeto01,GSW,0.766,0.766,74,False
763,2000,Tony Massenburg,masseto01,HOU,0.875,0.875,10,False
1503,2000,Tracy McGrady,mcgratr01,TOR,0.707,0.707,79,False
145,2000,Tracy Murray,murratr01,WAS,0.851,0.851,80,False
1892,2000,Trajan Langdon,langdtr01,CLE,1.0,1.0,10,False
696,2000,Travis Best,besttr01,IND,0.821,0.821,82,False
969,2000,Travis Knight,knightr01,LAL,0.607,0.607,63,False
1607,2000,Troy Hudson,hudsotr01,LAC,0.811,0.811,62,False
895,2000,Tyrone Corbin,corbity01,SAC,0.846,0.846,54,False
238,2000,Tyrone Hill,hillty01,PHI,0.691,0.691,68,False
1838,2000,Tyrone Nesby,nesbyty01,LAC,0.791,0.791,73,False
1731,2000,Tyronn Lue,luety01,LAL,0.75,0.75,8,False
137,2000,Vernon Maxwell,maxweve01,SEA,0.73,0.73,47,False
452,2000,Vin Baker,bakervi01,SEA,0.682,0.682,79,False
1713,2000,Vince Carter,cartevi01,TOR,0.791,0.791,82,False
219,2000,Vinny Del Negro,delnevi01,MIL,0.897,0.897,67,False
958,2000,Vitaly Potapenko,potapvi01,BOS,0.681,0.681,79,False
124,2000,Vlade Divac,divacvl01,SAC,0.691,0.691,82,False
1735,2000,Vladimir Stepania,stepavl01,SEA,0.472,0.472,30,False
1907,2000,Vonteego Cummings,cummivo01,GSW,0.751,0.751,75,False
702,2000,Voshon Lenard,lenarvo01,MIA,0.792,0.792,53,False
1887,2000,Wally Szczerbiak,szczewa02,MIN,0.826,0.826,73,False
1005,2000,Walt Williams,williwa02,HOU,0.821,0.821,76,False
962,2000,Walter McCarty,mccarwa01,BOS,0.722,0.722,61,False
1943,2000,Wayne Turner,turnewa01,BOS,0.333,0.333,3,False
445,2000,Wesley Person,persowe01,CLE,0.792,0.792,79,False
781,2000,Will Perdue,perduwi01,CHI,0.476,0.476,67,False
1895,2000,William Avery,averywi01,MIN,0.667,0.667,59,False
440,2000,Žan Tabak,tabakza01,IND,0.625,0.625,18,False
